id;fullname;address;phone_number;email;workplace;birthdate;registration_date;gender;expenses
1;;;8 (475) 014-6494;wkirillov@rambler.ru;;07/09/1966;10/01/2017;F;61975
2;;;+7 (981) 576-1146;bogdanovmoke@rambler.ru;;23/05/1987;14/07/2016;F;75232
3;;;+7 (920) 068-58-36;mjasnikovvalentin@mail.ru;;15/06/1974;18/10/2017;F;88813
4;;;8 334 398 3828;martin85@rambler.ru;;19/10/1979;25/08/2012;F;55167
5;;;8 (296) 455-0453;jan_07@rambler.ru;;14/08/1986;15/03/2017;M;85106
6;;;+7 (540) 539-43-82;vdementev@yandex.ru;;12/05/1961;21/05/2012;F;81297
7;;;71375862125;pavel_1976@yandex.ru;;19/08/1983;17/07/2013;F;82437
8;;;74612028488;cheslav_2008@yandex.ru;;31/07/1972;08/09/2017;F;115064
9;;;8 505 777 79 67;lev1991@yahoo.com;;29/01/1971;16/11/2019;F;92193
10;;;+7 592 074 68 81;samolovauljana@yandex.ru;;27/06/1988;26/11/2016;M;82715
11;;;79840547664;nesterovavarvara@mail.ru;;02/12/1997;03/10/2016;M;89374
12;;;8 (890) 513-9089;shashkovavalentina@hotmail.com;;09/03/1965;18/02/2015;M;73605
13;;;81105600267;merkushevemeljan@gmail.com;;03/01/1991;10/06/2019;M;79226
14;;;+7 (323) 165-6325;tverdislav1994@mail.ru;;09/06/1994;11/10/2018;M;86702
15;;;8 (416) 398-3199;milen_1974@hotmail.com;;01/09/1961;10/12/2012;M;86031
16;;;89011984011;ckalashnikova@rambler.ru;;07/02/1995;17/11/2017;M;85063
17;;;8 (373) 135-7441;rogovamarfa@gmail.com;;08/03/1972;14/02/2014;M;56463
18;;;8 446 399 2976;timofeevevdokim@yahoo.com;;16/06/1972;06/05/2015;F;75635
19;;;+7 977 432 6073;nikiforkabanov@rambler.ru;;30/09/1972;07/10/2014;F;77545
20;;;82167746073;flukina@yandex.ru;;13/10/1970;11/04/2019;F;75361
21;;;8 (849) 518-4640;nturova@gmail.com;;09/12/1992;28/08/2017;F;79467
22;;;+7 (735) 435-83-28;trofim2013@gmail.com;;28/02/1995;01/04/2015;M;89454
23;;;+7 207 190 12 23;miheevradovan@yahoo.com;;13/12/1968;25/04/2013;F;96566
24;;;+7 (932) 771-8966;kuprijansuvorov@mail.ru;;11/05/1966;19/09/2019;F;63535
25;;;8 (034) 415-6169;shirjaevroman@gmail.com;;31/05/1984;24/01/2012;M;97088
26;;;8 235 092 1036;haritonovmartjan@yahoo.com;;11/02/1980;11/03/2015;M;81292
27;;;8 692 623 3072;avgust_14@yandex.ru;;11/03/1968;02/03/2019;F;72850
28;;;+7 (181) 629-1894;kornilovakira@gmail.com;;19/02/1961;24/01/2016;M;87224
29;;;81447842664;mirzhukov@rambler.ru;;13/05/1976;11/01/2019;F;94922
30;;;+7 850 018 59 15;milovan1992@gmail.com;;26/08/1962;22/11/2018;F;69495
31;;;+7 349 248 93 96;rjabovasinklitikija@gmail.com;;19/12/1965;11/03/2017;M;94230
32;;;+7 896 455 87 94;raisa_03@hotmail.com;;23/09/1974;14/01/2019;M;74365
33;;;8 (529) 699-4144;anzhelika_2004@gmail.com;;28/03/1970;22/10/2016;F;98936
34;;;82329463039;jakuborlov@yahoo.com;;14/10/2002;07/03/2013;F;79352
35;;;+7 436 269 2571;ipati_1996@mail.ru;;23/12/1967;15/03/2012;F;75175
36;;;+7 (467) 065-27-99;moiseevaakulina@yandex.ru;;26/02/1985;25/09/2016;M;86155
37;;;+7 398 433 19 87;bburova@gmail.com;;20/08/1980;27/05/2013;M;87049
38;;;8 (689) 640-7274;trofim74@mail.ru;;12/01/1971;21/09/2018;M;85743
39;;;+7 (171) 929-00-63;izmailkonstantinov@hotmail.com;;24/08/2001;19/11/2013;F;132151
40;;;8 525 344 81 92;terentevmatve@rambler.ru;;17/03/1972;19/10/2019;M;73274
41;;;8 (537) 129-21-08;julija52@mail.ru;;23/10/1975;09/03/2017;F;80204
42;;;+7 (871) 887-4444;timur2001@yahoo.com;;14/12/1976;11/01/2016;M;76304
43;;;+7 (968) 667-14-41;kornilovemeljan@yahoo.com;;02/05/1965;02/01/2015;F;69505
44;;;+7 (282) 128-6929;simonovgorde@yahoo.com;;24/03/1985;02/10/2019;M;73302
45;;;+7 (025) 992-0862;jan32@yandex.ru;;18/05/1968;18/06/2013;M;116417
46;;;+7 877 658 92 38;izot_47@yahoo.com;;17/04/1985;08/10/2019;M;98816
47;;;82906004077;evstafi66@hotmail.com;;12/10/1996;20/03/2018;M;92429
48;;;8 203 181 20 93;oktjabrina06@yahoo.com;;15/10/1988;25/06/2012;F;93545
49;;;+7 973 541 17 71;ksenija_56@yahoo.com;;12/06/1976;22/08/2019;F;71112
50;;;8 848 074 2459;fadeevspartak@rambler.ru;;31/01/1999;22/01/2018;M;93793
51;;;+7 (626) 819-3011;januari64@gmail.com;;02/05/1968;30/11/2014;M;83383
52;;;8 601 629 72 22;rjabovaksenija@rambler.ru;;16/01/1998;19/08/2015;M;79485
53;;;8 (053) 471-7658;krjukovafaina@rambler.ru;;26/05/1970;23/04/2012;F;94542
54;;;+7 197 266 12 32;gerasim84@mail.ru;;06/04/1970;01/02/2019;M;81784
55;;;+7 266 141 7161;akulina1981@mail.ru;;15/07/1993;15/02/2012;F;80756
56;;;+7 (125) 197-77-94;kuprijanseleznev@rambler.ru;;22/05/1969;20/10/2014;F;89156
57;;;+7 739 149 3929;vorobevsila@yahoo.com;;24/07/1980;25/11/2014;M;74310
58;;;+7 (410) 020-3982;kondratevaregina@mail.ru;;26/12/1967;19/04/2014;F;75545
59;;;+7 253 279 02 32;julian_16@gmail.com;;09/04/1991;24/06/2014;M;79987
60;;;8 777 585 6044;ferapont_46@hotmail.com;;19/11/1974;04/12/2016;M;81878
61;;;80784703469;ladimiranisimov@yahoo.com;;28/12/1994;05/05/2012;F;64539
62;;;+7 104 048 0083;trofimknjazev@yahoo.com;;23/08/1988;15/02/2013;M;72634
63;;;+7 466 795 48 30;kim1984@mail.ru;;06/01/1980;24/09/2014;M;107149
64;;;8 (976) 208-5348;fadeevrodion@yandex.ru;;24/01/1966;25/10/2014;F;84345
65;;;8 134 626 4933;shilovignati@hotmail.com;;08/09/2001;22/04/2018;F;66629
66;;;8 812 750 81 97;sinklitikija_18@hotmail.com;;09/10/1976;03/01/2019;M;82801
67;;;+7 246 505 89 62;kir_2000@gmail.com;;02/08/1960;26/01/2018;F;88475
68;;;70572553771;lavrenti72@yahoo.com;;29/11/1999;09/05/2019;F;67974
69;;;+7 (834) 918-9358;okalashnikov@mail.ru;;11/09/1989;12/08/2016;F;86084
70;;;8 314 516 38 88;kulaginizmail@yahoo.com;;15/01/1978;30/04/2012;F;92642
71;;;+7 671 514 40 57;zveselov@yandex.ru;;03/10/2000;13/01/2016;M;79134
72;;;+7 (746) 739-3251;viktor45@gmail.com;;31/05/1976;05/03/2018;F;68521
73;;;+7 130 465 3597;miroslavnosov@mail.ru;;10/03/1964;26/06/2015;F;83653
74;;;72545142265;kbobrova@mail.ru;;12/01/1969;21/06/2019;F;80389
75;;;8 015 817 8985;fortunatkonovalov@hotmail.com;;01/07/1999;30/08/2013;F;88410
76;;;8 210 692 5964;smirnovaakulina@gmail.com;;19/06/1981;03/02/2018;F;98311
77;;;71065366862;demjan_35@yandex.ru;;24/05/1988;29/07/2014;F;84042
78;;;72939025407;poljakovagalina@hotmail.com;;28/02/1974;25/09/2015;M;103312
79;;;82187733753;muravevasvetlana@mail.ru;;15/03/1961;19/10/2016;F;92821
80;;;+7 (073) 491-30-77;pestovaoksana@yandex.ru;;21/03/1973;24/08/2018;M;75509
81;;;+7 (540) 205-13-71;erast_05@yandex.ru;;29/07/1999;25/11/2013;F;97896
82;;;89168096999;morozovisidor@gmail.com;;27/03/1961;28/08/2013;M;117336
83;;;89753396465;lev_1972@mail.ru;;12/05/1988;25/09/2018;M;86280
84;;;+7 212 356 6042;wjudina@yandex.ru;;23/05/2002;01/03/2019;F;88174
85;;;+7 (742) 264-21-17;kasjan_44@hotmail.com;;24/02/1965;10/08/2015;F;78798
86;;;8 (111) 227-80-31;irakli1982@gmail.com;;20/09/1963;12/09/2019;M;98009
87;;;+7 (048) 177-70-69;radislav98@hotmail.com;;23/02/1986;10/12/2013;M;99158
88;;;8 (378) 479-18-10;milovan2018@yandex.ru;;08/04/2000;24/04/2017;F;83154
89;;;8 746 047 26 59;valerjanvorontsov@rambler.ru;;16/09/1992;30/09/2019;F;78318
90;;;86213370204;tsharapova@hotmail.com;;16/04/1990;09/05/2016;F;64257
91;;;8 (211) 039-2723;blohinavksenti@yahoo.com;;04/09/2002;15/11/2013;F;92957
92;;;+7 296 465 24 34;eremegavrilov@mail.ru;;25/07/2001;24/08/2014;F;68555
93;;;+7 847 394 0991;qmarkov@yahoo.com;;06/02/1967;29/06/2012;F;94992
94;;;8 158 544 86 92;apetrov@mail.ru;;05/10/2002;22/01/2016;M;89267
95;;;75994715839;averjanefremov@yahoo.com;;19/04/1977;17/12/2018;F;97670
96;;;8 075 414 10 11;valentinnoskov@mail.ru;;07/02/1989;22/10/2018;M;81484
97;;;79766067787;mili_1973@rambler.ru;;05/11/1965;11/01/2012;F;82626
98;;;+7 (083) 417-25-66;aleksandr68@yandex.ru;;04/09/1990;24/09/2012;F;92905
99;;;+7 382 895 64 75;moise2011@hotmail.com;;02/12/1976;17/01/2018;M;68905
100;;;8 169 295 9835;gromovaalina@mail.ru;;04/01/1967;16/08/2018;M;86097
101;;;+7 809 578 9919;vseslavanisimov@rambler.ru;;02/05/1976;19/08/2013;M;84094
102;;;79543634078;efremovvatslav@hotmail.com;;13/04/1980;24/12/2013;F;89341
103;;;77698857458;denis_83@mail.ru;;22/05/1985;14/03/2016;M;86336
104;;;84045928561;belousovdobromisl@yandex.ru;;26/01/1988;17/04/2013;M;110196
105;;;71587117826;judinvelimir@rambler.ru;;16/03/1994;01/06/2012;M;77059
106;;;+7 250 820 3227;radim35@yandex.ru;;06/07/1963;03/02/2013;F;71706
107;;;8 293 099 09 95;fomichevajulija@gmail.com;;23/09/1979;13/09/2016;M;71096
108;;;+7 378 739 77 78;vsemiluvarov@rambler.ru;;19/09/1992;08/12/2015;F;92673
109;;;8 262 647 9627;isaevataisija@rambler.ru;;01/06/1966;27/03/2016;F;77754
110;;;86098247632;wpanfilova@gmail.com;;21/04/1969;03/05/2017;M;79114
111;;;+7 (660) 136-7575;drozdovaangelina@mail.ru;;20/11/1979;05/01/2019;M;79654
112;;;+7 (737) 705-0108;alekse1985@rambler.ru;;02/08/1989;11/10/2019;M;80701
113;;;8 (097) 901-13-05;kononvlasov@yandex.ru;;06/07/1964;01/04/2014;M;80088
114;;;+7 (081) 871-4917;zosima_1974@gmail.com;;08/11/1994;25/01/2016;M;106689
115;;;+7 247 394 2665;lazarevkir@gmail.com;;11/10/1972;30/04/2016;M;105632
116;;;+7 (425) 015-2151;mefodi1978@gmail.com;;25/10/1990;09/04/2014;M;75256
117;;;+7 658 680 14 14;timofe_14@gmail.com;;16/05/1976;29/10/2016;M;65017
118;;;+7 (712) 842-7086;vladimirovsamuil@rambler.ru;;01/04/1994;08/06/2012;M;86255
119;;;8 (559) 991-71-14;irakli1983@yandex.ru;;27/03/1981;19/05/2017;F;104504
120;;;8 (653) 667-6332;venediktorlov@yandex.ru;;12/03/2002;03/06/2017;F;87363
121;;;8 877 346 80 66;dorofe1970@rambler.ru;;25/09/1976;27/12/2015;M;72285
122;;;8 958 253 6180;valerija73@yahoo.com;;27/12/1998;29/10/2015;F;75568
123;;;85824928405;zhuravlevarefi@hotmail.com;;30/10/1993;28/05/2015;M;86672
124;;;8 111 340 65 91;apollon_92@yahoo.com;;01/10/1988;11/11/2013;F;98978
125;;;8 (748) 528-6559;ruslan1989@gmail.com;;09/11/1998;18/05/2012;M;79868
126;;;+7 (035) 308-91-22;alina53@yahoo.com;;13/08/1978;14/03/2015;F;84842
127;;;+7 (744) 881-51-81;fedoseevermil@yandex.ru;;17/03/1965;08/10/2013;F;82211
128;;;8 (601) 450-28-77;iraida_2011@mail.ru;;16/09/1964;24/10/2014;M;85647
129;;;8 (572) 590-91-89;makarandreev@hotmail.com;;11/01/2000;03/12/2014;F;89200
130;;;8 957 459 5758;samolovpetr@yahoo.com;;29/03/1965;16/01/2017;M;50069
131;;;+7 018 688 1995;izot_88@mail.ru;;06/04/1989;07/01/2012;F;82935
132;;;8 (104) 770-4488;julija_1978@yahoo.com;;04/01/1994;08/06/2018;M;77935
133;;;+7 968 130 56 18;danila_42@mail.ru;;06/11/1989;06/01/2019;M;104710
134;;;8 (142) 863-1881;koshelevanadezhda@yahoo.com;;17/09/1969;18/01/2018;F;95167
135;;;8 (378) 755-7255;marian1983@mail.ru;;08/02/2002;17/03/2018;M;87464
136;;;8 667 541 8059;gsobolev@rambler.ru;;14/12/1997;08/10/2014;M;76957
137;;;8 (743) 293-6867;ribakovplaton@hotmail.com;;08/08/1961;21/07/2019;M;85809
138;;;8 350 804 5911;jaroslav43@yandex.ru;;07/07/1971;02/10/2019;F;67264
139;;;+7 625 141 9788;kazimir_11@yahoo.com;;19/10/1977;06/06/2016;M;97976
140;;;8 (733) 858-1881;evdokija2008@yandex.ru;;21/06/2002;22/09/2015;F;72714
141;;;+7 (394) 366-19-46;evgraf_1972@rambler.ru;;11/06/1975;18/05/2015;F;69567
142;;;73213590501;fokinevstigne@mail.ru;;25/11/1975;02/01/2013;F;105157
143;;;8 334 958 22 47;viktorin_1999@gmail.com;;22/01/1984;15/10/2016;M;93894
144;;;8 (943) 256-2292;savinaraisa@rambler.ru;;21/04/1968;29/05/2015;M;68068
145;;;75437523658;fedotovaraisa@mail.ru;;18/04/1961;18/09/2013;F;80610
146;;;8 (540) 472-0782;ljubim76@rambler.ru;;14/10/1980;06/01/2014;M;71064
147;;;8 266 392 65 27;dobromisl_90@yahoo.com;;25/01/1997;25/11/2014;F;65429
148;;;+7 861 570 7842;prov1989@rambler.ru;;28/03/1988;02/01/2014;F;75977
149;;;74110945697;efrem_2017@gmail.com;;22/10/1978;20/10/2014;F;80308
150;;;8 (593) 246-58-21;cvladimirov@yahoo.com;;27/12/1991;28/04/2015;F;81137
151;;;+7 (935) 455-20-09;jkolobova@yahoo.com;;21/09/1979;04/08/2015;M;102236
152;;;+7 155 192 4557;oleg2016@yandex.ru;;04/12/1976;29/01/2013;M;110709
153;;;8 (378) 387-6142;ippolit_68@yandex.ru;;17/04/1979;04/08/2012;M;79448
154;;;+7 238 998 1269;jakovlevsevastjan@yandex.ru;;14/08/1978;10/11/2014;M;73777
155;;;79827714993;gerasim_1974@yandex.ru;;20/11/1969;21/09/2016;F;89491
156;;;8 (478) 494-26-54;venediktpanfilov@hotmail.com;;05/02/1993;07/05/2015;F;69093
157;;;+7 (391) 814-4167;psafonova@yandex.ru;;24/11/1981;05/06/2016;M;77829
158;;;71167393330;fershova@yandex.ru;;22/07/1966;05/08/2015;F;90685
159;;;8 997 854 8797;savelisazonov@gmail.com;;23/01/1978;10/07/2013;F;75829
160;;;+7 (321) 400-58-04;vorobevbronislav@yahoo.com;;25/10/1979;20/10/2014;F;66479
161;;;85555591010;grishinnikita@yahoo.com;;20/08/1994;18/10/2017;F;85960
162;;;+7 (096) 701-3570;efim78@hotmail.com;;31/08/1966;15/07/2017;F;79031
163;;;8 507 270 33 68;margarita2002@yahoo.com;;28/09/1983;09/01/2016;M;79575
164;;;8 (752) 866-2776;azikova@mail.ru;;09/07/1998;12/08/2017;M;80196
165;;;8 288 891 2998;nikitagalkin@mail.ru;;10/10/1981;21/10/2019;F;59101
166;;;78978646598;ustinovferapont@yandex.ru;;26/10/1973;15/06/2015;F;72429
167;;;74574430589;nrusakov@yandex.ru;;14/08/1976;02/02/2013;F;93878
168;;;+7 975 470 02 74;samuilkolobov@hotmail.com;;16/12/1982;05/12/2013;F;102592
169;;;+7 326 228 34 33;ratibor1997@yandex.ru;;04/06/1962;17/06/2017;M;94546
170;;;8 938 555 53 07;sobolevanatalja@mail.ru;;16/01/1979;01/04/2013;M;58638
171;;;89436223431;alla1982@gmail.com;;19/11/1974;20/12/2017;F;76193
172;;;8 (299) 833-6987;ershovstanislav@rambler.ru;;04/11/1982;14/12/2015;F;75781
173;;;8 (647) 731-73-04;kselezneva@hotmail.com;;21/06/2001;25/07/2016;F;84813
174;;;8 541 667 37 90;egor_1978@yandex.ru;;12/06/1968;02/04/2013;F;82332
175;;;+7 (416) 000-04-25;kirill1978@yahoo.com;;23/03/1993;29/04/2018;M;88616
176;;;+7 303 684 68 49;zahar_52@gmail.com;;23/01/1971;16/08/2015;F;84627
177;;;+7 (118) 801-96-48;ekaterina1986@hotmail.com;;19/06/1962;12/08/2014;M;82958
178;;;8 (912) 166-9358;kgrigorev@hotmail.com;;06/05/1995;22/04/2014;M;63275
179;;;70730250288;vladlen_84@hotmail.com;;14/06/1968;29/07/2016;F;91462
180;;;+7 (804) 592-33-06;vlas_95@gmail.com;;28/12/1967;04/12/2013;F;60912
181;;;8 976 675 7199;longin_1998@hotmail.com;;05/07/1985;28/11/2015;F;74900
182;;;8 839 118 5487;krilovafevronija@hotmail.com;;19/06/1985;18/03/2013;M;83726
183;;;8 (086) 593-40-73;svetlana_2012@gmail.com;;06/06/1971;14/07/2017;M;76544
184;;;8 (318) 578-50-30;zoja_01@mail.ru;;27/06/1969;26/06/2019;M;74604
185;;;+7 (474) 894-0391;mir1986@rambler.ru;;28/10/1997;16/08/2015;F;79418
186;;;8 (739) 463-22-38;wmironova@yandex.ru;;06/05/1983;25/06/2012;F;76767
187;;;+7 990 302 0275;trifon70@gmail.com;;19/08/1990;19/10/2016;M;74748
188;;;89132481596;bolshakovaviktorija@gmail.com;;13/01/1984;31/05/2017;M;91018
189;;;76374417602;antonina84@gmail.com;;23/04/1983;03/07/2017;M;79937
190;;;8 (599) 369-31-88;ershovevdokim@yandex.ru;;15/09/1981;23/08/2013;F;79247
191;;;8 (108) 454-83-62;arseni_24@rambler.ru;;22/02/1980;23/11/2013;M;98733
192;;;8 (881) 294-7217;tarasilin@rambler.ru;;09/09/1998;15/03/2014;F;70863
193;;;72126619505;qblinov@yahoo.com;;15/04/1963;12/02/2018;F;75116
194;;;+7 (343) 639-6465;zahar64@hotmail.com;;07/11/1973;26/09/2016;M;78479
195;;;8 (051) 282-11-86;kudrjavtsevvjacheslav@mail.ru;;10/02/1976;04/05/2017;F;86001
196;;;70958111768;karpovvadim@mail.ru;;17/12/1970;15/01/2017;M;85988
197;;;8 (588) 985-9599;isaevluchezar@hotmail.com;;05/08/1979;25/01/2014;M;82594
198;;;+7 (638) 120-9083;ljubosmisl_2002@gmail.com;;29/08/1974;17/12/2014;F;76316
199;;;74332838369;semen1979@gmail.com;;30/10/2000;17/12/2017;F;90120
200;;;+7 601 725 9832;sofon_82@mail.ru;;02/06/1991;02/07/2014;M;73420
201;;;+7 (693) 879-0257;korolevstepan@rambler.ru;;09/02/1986;12/01/2019;F;90503
202;;;82501080535;kirillovprokl@rambler.ru;;25/06/1974;24/03/2015;M;90545
203;;;+7 (899) 864-0342;zuevkir@mail.ru;;09/05/1989;29/12/2018;M;78250
204;;;81358793969;jaropolkandreev@yandex.ru;;30/04/1987;27/01/2015;M;86357
205;;;8 718 160 19 95;alekse95@yahoo.com;;31/08/1998;19/09/2015;F;84240
206;;;+7 568 896 3518;belozerovalora@rambler.ru;;13/01/1994;15/09/2017;F;83715
207;;;73450231840;isakovserafim@hotmail.com;;18/02/2001;12/08/2012;F;71404
208;;;76191824035;stepanovfortunat@rambler.ru;;19/06/1983;24/03/2017;F;83575
209;;;8 239 091 92 80;david93@yandex.ru;;21/11/1994;01/12/2019;M;102710
210;;;80662068067;harlampi_2008@gmail.com;;13/09/1979;11/09/2015;M;87621
211;;;+7 (989) 155-9625;evgeni_2004@gmail.com;;26/07/1960;02/05/2019;M;94759
212;;;+7 200 008 10 37;zoja_36@yahoo.com;;22/02/2002;06/09/2018;M;83660
213;;;87847648942;savinvladilen@yahoo.com;;16/01/1996;03/01/2018;F;84616
214;;;8 883 668 30 44;lobanovaanzhelika@gmail.com;;25/07/1992;27/01/2018;F;82302
215;;;8 (477) 875-98-27;krasilnikovamarfa@gmail.com;;11/02/1970;12/09/2014;F;84562
216;;;8 351 512 62 60;vsemil_83@gmail.com;;24/01/1975;12/02/2013;F;86312
217;;;79636188282;simonovegor@yahoo.com;;10/04/1984;10/04/2016;M;77538
218;;;8 990 939 02 06;kira_64@mail.ru;;05/03/1978;06/11/2019;F;65769
219;;;+7 (947) 473-15-14;ruben_88@yahoo.com;;06/12/1988;17/11/2014;M;89400
220;;;8 (181) 956-8509;lavrenti00@gmail.com;;30/10/1989;15/07/2017;F;86562
221;;;77878401444;nikiforovaolimpiada@yandex.ru;;24/05/1986;27/10/2012;M;82148
222;;;8 736 197 9154;dobroslav_97@gmail.com;;12/05/1991;07/11/2018;F;62276
223;;;+7 (338) 594-97-33;mechislavbespalov@hotmail.com;;13/04/1983;23/08/2016;F;89143
224;;;+7 678 398 76 23;kulakovfedor@gmail.com;;01/10/1960;15/02/2016;F;69577
225;;;+7 (354) 907-4175;varvara18@gmail.com;;15/12/1988;28/06/2015;M;79921
226;;;+7 744 360 5351;sitnikovadarja@rambler.ru;;12/06/1964;04/02/2012;M;88398
227;;;+7 (501) 777-73-66;dorofe_1975@rambler.ru;;21/01/1980;27/07/2014;F;87124
228;;;+7 213 114 6589;mark1996@rambler.ru;;24/02/1990;27/02/2017;F;89002
229;;;8 220 188 84 05;osiprodionov@yandex.ru;;18/06/1971;09/06/2012;M;85272
230;;;8 446 537 8164;lavrentevirakli@hotmail.com;;18/10/1981;09/10/2018;F;78779
231;;;77597860342;mishinstojan@mail.ru;;05/08/1986;08/05/2017;M;95847
232;;;79865135063;maksim48@yahoo.com;;23/07/1996;06/06/2019;F;89149
233;;;8 (971) 158-0482;jakov2003@rambler.ru;;24/05/1977;11/04/2013;M;95687
234;;;85655428005;denisfedoseev@gmail.com;;29/03/1981;19/11/2012;F;87063
235;;;8 (228) 677-2652;lihachevmartin@yahoo.com;;10/04/1974;21/08/2014;M;83835
236;;;80251908761;mironovmaksimiljan@mail.ru;;14/09/1985;20/11/2018;M;70099
237;;;8 626 767 43 60;blohinpolikarp@hotmail.com;;08/08/1993;25/04/2018;M;104443
238;;;8 (859) 072-32-77;trifon_46@mail.ru;;08/12/1986;12/04/2014;M;68990
239;;;72106752192;jakub_82@yahoo.com;;07/09/1994;28/09/2018;M;80318
240;;;8 (094) 482-9279;ananiefremov@hotmail.com;;23/03/1976;05/07/2012;F;75411
241;;;8 (891) 996-6689;anani_2021@gmail.com;;10/08/1980;18/11/2014;F;96636
242;;;+7 681 690 90 69;kulikovgostomisl@mail.ru;;19/09/1999;19/05/2014;M;60995
243;;;8 (983) 030-32-65;poljakovakira@yandex.ru;;19/06/1986;28/12/2012;F;68179
244;;;8 535 357 8599;kalashnikovsidor@hotmail.com;;04/11/1987;16/03/2017;M;100885
245;;;8 (745) 211-17-94;tershov@mail.ru;;23/06/1992;02/12/2012;M;86626
246;;;84833106157;agafon_2016@yandex.ru;;18/09/1979;07/11/2013;M;67828
247;;;+7 370 979 8533;kopilovmefodi@yandex.ru;;20/05/1991;04/12/2019;F;88991
248;;;8 (793) 963-5073;qzinoveva@yahoo.com;;22/11/1983;18/09/2018;F;73724
249;;;+7 094 881 4069;demjan_1988@mail.ru;;06/10/1974;22/05/2013;F;65373
250;;;+7 (396) 952-27-49;tdjachkov@yandex.ru;;06/08/1983;23/12/2012;M;93049
251;;;+7 (715) 122-6575;ermakovljubim@rambler.ru;;16/03/1974;17/12/2017;F;66557
252;;;72671830178;sharovjanuari@gmail.com;;08/09/1967;04/07/2012;M;74600
253;;;+7 (170) 729-09-89;vishnjakovolimpi@mail.ru;;31/12/1996;11/08/2016;F;68899
254;;;8 874 215 3487;sokrat1976@rambler.ru;;23/09/1966;11/05/2015;M;78026
255;;;8 (001) 819-98-94;leontirozhkov@yahoo.com;;10/11/1979;08/08/2016;F;78226
256;;;8 (264) 122-3588;oksana1983@yandex.ru;;13/01/1977;15/11/2015;M;59604
257;;;8 (441) 791-3677;nikolaevkapiton@yandex.ru;;19/04/2000;11/04/2014;M;68205
258;;;8 915 546 40 43;efrem_1970@hotmail.com;;13/01/2003;14/06/2018;F;75219
259;;;87942391244;bazhen2019@yandex.ru;;26/01/1995;21/05/2017;F;95641
260;;;+7 157 067 82 83;tihon_16@gmail.com;;29/11/1981;30/10/2012;F;96135
261;;;8 633 665 4568;vladimir1972@gmail.com;;13/01/1964;30/07/2012;F;68396
262;;;+7 792 295 8864;tverdislavbobrov@gmail.com;;11/06/1965;26/09/2019;F;67934
263;;;+7 (959) 410-64-18;sorokinernest@mail.ru;;07/03/1979;12/03/2016;M;93257
264;;;8 487 592 5676;ustin_1999@hotmail.com;;19/07/1981;08/06/2018;F;88019
265;;;+7 (135) 479-5513;julija66@hotmail.com;;18/01/1980;18/10/2019;M;86295
266;;;8 937 127 53 01;lebedevfoka@yandex.ru;;19/07/1999;14/12/2013;M;78378
267;;;+7 760 118 41 54;kuprijan_13@hotmail.com;;04/02/1980;13/12/2019;M;74420
268;;;+7 (833) 232-3496;marina_1989@yandex.ru;;24/08/1975;20/07/2017;F;72353
269;;;73661156261;parfen30@mail.ru;;21/06/1972;08/08/2012;F;87795
270;;;8 (404) 064-3404;afinogen57@rambler.ru;;09/10/1965;22/04/2017;M;98684
271;;;+7 (024) 446-2082;nikitanoskov@yahoo.com;;06/11/1997;10/09/2016;M;67995
272;;;+7 (366) 662-6214;vasilevaoksana@mail.ru;;28/09/1985;16/07/2014;F;91534
273;;;+7 (161) 651-3739;beljaevevstigne@mail.ru;;11/11/1971;03/09/2015;F;78248
274;;;8 708 180 6803;shcherbakovsila@yandex.ru;;24/04/1998;25/02/2012;F;59887
275;;;+7 (408) 090-7048;iraida72@mail.ru;;17/10/1972;24/06/2019;F;82795
276;;;+7 022 455 73 85;seliverstovlev@mail.ru;;17/11/2000;04/04/2014;F;67054
277;;;+7 (973) 787-24-12;ruslan39@mail.ru;;08/04/1984;21/10/2016;F;90992
278;;;74839337401;egorovaanzhelika@gmail.com;;10/07/1963;05/01/2018;F;74601
279;;;8 (868) 264-2677;jakub_1999@rambler.ru;;29/05/1973;31/12/2017;F;67539
280;;;8 (849) 674-10-53;savva1988@yandex.ru;;12/12/1981;08/02/2012;M;85618
281;;;+7 (894) 132-92-70;belousovzahar@mail.ru;;01/08/1979;06/06/2019;M;108523
282;;;88756806378;leonid_1994@yandex.ru;;01/12/1998;04/06/2015;F;70529
283;;;+7 738 919 70 40;polikarp1991@mail.ru;;12/01/1961;03/10/2019;M;90776
284;;;+7 902 260 10 39;titovanatalja@mail.ru;;04/12/1992;06/03/2012;M;116330
285;;;8 (477) 782-6048;nikiforovdobromisl@gmail.com;;03/12/1975;21/01/2019;M;72656
286;;;+7 835 132 73 23;samuil2011@mail.ru;;26/04/1968;31/08/2014;F;76424
287;;;+7 (184) 892-14-72;aleksandra53@hotmail.com;;15/08/1963;18/09/2014;M;80464
288;;;+7 797 410 04 31;saveli_01@yandex.ru;;20/04/1972;03/02/2012;M;73297
289;;;+7 443 597 16 87;gerasim_1996@rambler.ru;;06/10/1982;01/08/2012;F;72381
290;;;88848811664;sharapovadam@hotmail.com;;23/06/1960;27/04/2019;M;79463
291;;;72146029173;mihalovanatalja@gmail.com;;27/05/1988;20/10/2015;F;75476
292;;;8 (757) 240-15-69;rusakovdobromisl@hotmail.com;;01/09/1999;22/01/2014;M;64959
293;;;8 728 999 80 14;jpanfilova@yahoo.com;;06/10/1984;18/10/2013;M;85458
294;;;8 (187) 280-4352;valentin20@yahoo.com;;30/12/1972;07/03/2018;F;75794
295;;;+7 (843) 599-5887;arseni_87@hotmail.com;;21/01/1985;29/11/2013;M;128003
296;;;80250735561;naum1973@yandex.ru;;15/06/1986;29/03/2014;F;78509
297;;;+7 (034) 373-85-98;noskovgorde@gmail.com;;18/01/1974;13/12/2013;F;75829
298;;;86150607248;anatoli56@hotmail.com;;03/08/1983;17/04/2018;F;80687
299;;;+7 483 517 80 53;orlovsimon@mail.ru;;08/04/1972;03/12/2012;M;72971
300;;;+7 (888) 731-77-81;natan2018@mail.ru;;22/02/2001;27/06/2013;M;73546
301;;;8 (940) 189-8787;petuhovaalina@hotmail.com;;27/06/1961;15/01/2018;M;89633
302;;;+7 (924) 352-3744;aristarh61@yahoo.com;;12/01/1981;29/03/2014;F;87888
303;;;+7 (863) 857-20-41;semenbespalov@rambler.ru;;17/09/1991;29/04/2013;M;87886
304;;;8 (597) 871-7290;wsmirnov@hotmail.com;;04/02/1969;24/06/2017;M;73922
305;;;+7 (955) 005-7601;panfilovsolomon@mail.ru;;29/09/2000;26/03/2014;M;78984
306;;;78659072826;bobilevazoja@yandex.ru;;31/05/1984;22/02/2019;F;88715
307;;;8 035 708 6144;valerimarkov@yahoo.com;;26/01/1980;01/12/2013;M;79481
308;;;+7 (041) 139-5969;mihe_1997@yahoo.com;;20/07/1973;28/04/2018;F;83595
309;;;+7 575 744 5895;marfa_1970@yandex.ru;;16/11/1984;25/01/2018;M;119106
310;;;+7 (918) 725-2446;ziminadarja@rambler.ru;;19/04/1960;08/06/2017;F;85217
311;;;8 948 980 9553;tihon87@mail.ru;;05/08/1966;02/07/2016;F;102087
312;;;+7 114 099 6081;zikovermola@rambler.ru;;14/09/1977;25/06/2014;F;99937
313;;;+7 (339) 735-06-24;borisovdenis@rambler.ru;;28/07/1984;03/01/2013;M;64933
314;;;+7 643 874 72 84;prohor_85@rambler.ru;;19/10/1979;13/02/2018;F;89525
315;;;89040773451;ziminaalla@hotmail.com;;31/07/1998;14/09/2013;F;69449
316;;;+7 (080) 607-03-16;oershova@rambler.ru;;03/06/1965;18/07/2017;M;102288
317;;;+7 100 438 4967;nikola1971@rambler.ru;;28/03/1967;03/09/2012;F;105005
318;;;+7 654 651 76 44;aleksandr88@rambler.ru;;06/02/1976;25/09/2012;F;92811
319;;;+7 086 435 05 07;shilovaantonina@hotmail.com;;29/07/1987;27/09/2019;F;83828
320;;;8 084 209 9887;davidovanadezhda@gmail.com;;16/05/1963;22/07/2013;M;102635
321;;;8 (751) 287-31-22;antonovevgeni@yahoo.com;;07/09/1982;23/09/2019;M;82430
322;;;79052941165;litkinevgeni@yandex.ru;;04/07/1961;22/02/2018;M;71517
323;;;+7 (551) 915-85-78;boriskorolev@mail.ru;;01/10/1997;25/05/2018;M;67555
324;;;8 180 267 1829;sitnikovkuzma@hotmail.com;;28/04/1995;01/01/2019;M;82311
325;;;+7 109 807 1126;tvorimirfrolov@rambler.ru;;07/05/1998;08/03/2013;M;66606
326;;;+7 922 320 0558;kopilovljubim@yandex.ru;;06/01/1972;10/02/2013;M;107793
327;;;+7 328 079 5529;kolobovfeoktist@yandex.ru;;12/03/1980;14/03/2014;M;90796
328;;;+7 333 980 08 41;petuhovanatoli@yahoo.com;;05/08/1961;07/09/2016;F;78045
329;;;8 (247) 571-25-26;zhuravlevkim@mail.ru;;11/12/1985;30/05/2018;F;65427
330;;;8 688 232 46 38;ratmir1975@rambler.ru;;21/03/1990;14/02/2013;F;97095
331;;;8 (396) 702-0022;ivan_2008@hotmail.com;;20/07/1998;23/05/2012;F;71316
332;;;+7 (227) 117-1560;shirjaevmark@gmail.com;;01/05/1972;12/05/2019;F;68720
333;;;8 (465) 181-91-91;judinbudimir@yahoo.com;;25/09/1986;21/10/2019;F;71018
334;;;8 493 410 7826;stanimir_77@rambler.ru;;05/01/1998;26/07/2019;M;80645
335;;;8 869 543 78 23;ignativinogradov@yandex.ru;;22/12/1998;15/01/2013;M;84441
336;;;8 520 131 56 58;fedot_11@mail.ru;;26/03/1995;26/07/2019;F;77501
337;;;+7 726 080 9941;ashubin@hotmail.com;;12/07/1990;10/07/2015;M;93212
338;;;+7 (208) 501-06-63;sofon50@hotmail.com;;05/06/2002;30/05/2013;F;78966
339;;;8 (810) 924-3242;oleg_09@yahoo.com;;28/02/1962;21/04/2018;F;87618
340;;;+7 693 775 6257;uljan_36@mail.ru;;03/07/1983;04/02/2017;F;97716
341;;;8 426 728 74 82;anike2011@mail.ru;;12/04/1966;01/07/2013;F;96153
342;;;8 888 663 9407;loginovbazhen@hotmail.com;;09/07/1983;02/01/2016;M;117048
343;;;73958806152;silvestrevseev@yahoo.com;;18/02/1975;25/06/2015;F;92539
344;;;8 (212) 806-37-51;zikovtihon@hotmail.com;;13/06/1962;12/04/2015;M;75692
345;;;+7 (124) 771-55-28;gurevstojan@hotmail.com;;09/03/1979;28/09/2014;F;73584
346;;;+7 (330) 454-57-36;titovmechislav@rambler.ru;;31/07/1964;24/07/2014;M;81655
347;;;+7 (258) 494-6695;gerasimvladimirov@hotmail.com;;25/01/2001;26/02/2016;F;86115
348;;;8 (384) 272-8874;vikenti30@rambler.ru;;19/06/1983;13/03/2015;F;85726
349;;;8 (349) 840-4509;erofe1973@yandex.ru;;02/12/1970;20/04/2018;M;71542
350;;;87574530512;prohorovmoise@yahoo.com;;10/10/1960;27/02/2013;F;76952
351;;;+7 (162) 280-3513;kiselevgerman@hotmail.com;;08/10/1982;15/09/2015;M;80144
352;;;77549438195;safonovamos@yahoo.com;;09/06/1962;06/12/2017;M;64370
353;;;+7 (229) 305-2776;bogdan_83@yandex.ru;;26/10/1966;22/06/2016;M;69542
354;;;8 432 051 00 76;grigori1998@rambler.ru;;15/11/1996;02/06/2016;M;97542
355;;;+7 (294) 519-84-52;antip_17@hotmail.com;;07/06/1980;13/08/2018;F;56443
356;;;+7 (252) 323-0239;mamontovaalina@yahoo.com;;27/04/1971;24/12/2019;F;97998
357;;;+7 (181) 886-01-61;emilija_1986@rambler.ru;;14/06/1998;20/12/2019;F;86480
358;;;8 (984) 231-24-72;ovchinnikovkondrati@gmail.com;;07/10/1969;27/07/2018;M;89534
359;;;+7 (433) 933-28-78;moiseevisa@hotmail.com;;02/02/1985;17/01/2013;F;69109
360;;;+7 (279) 743-84-91;grishinkarl@yahoo.com;;27/09/1986;01/07/2019;F;97233
361;;;8 (957) 710-8477;gordeevamargarita@yandex.ru;;23/08/1988;08/04/2014;M;83792
362;;;+7 (725) 894-6221;milan_49@rambler.ru;;01/04/1968;17/11/2012;F;79376
363;;;70494867957;noskovamaja@yandex.ru;;20/04/1986;27/02/2012;M;91444
364;;;87260129929;maslovsolomon@yahoo.com;;18/10/1996;02/02/2017;M;87393
365;;;85876301111;ipatgavrilov@yahoo.com;;28/03/1974;07/09/2018;F;100890
366;;;8 537 784 62 58;braginivan@yandex.ru;;01/05/1960;24/08/2015;M;94561
367;;;84935096163;visheslav2007@yandex.ru;;25/08/1977;02/12/2014;F;86880
368;;;8 125 893 2024;osipovanatoli@mail.ru;;25/12/1975;18/07/2014;M;74566
369;;;81980887148;nikola_15@hotmail.com;;14/10/2001;29/09/2013;M;87831
370;;;8 742 421 09 61;averjan_81@yandex.ru;;15/05/1965;25/12/2016;M;79297
371;;;8 (120) 072-8462;ckolesnikov@yandex.ru;;27/02/1977;23/06/2017;M;87822
372;;;+7 174 865 70 64;lebedevpolikarp@rambler.ru;;14/12/1972;01/04/2014;M;107384
373;;;8 (592) 266-39-17;oktjabrina2009@mail.ru;;11/07/1964;01/03/2015;F;108486
374;;;8 521 294 5634;frol60@yandex.ru;;17/12/2002;25/05/2018;M;86756
375;;;8 (248) 483-6289;tatjana_2016@mail.ru;;21/05/1993;24/12/2019;F;61537
376;;;8 946 469 43 92;osipovladislav@gmail.com;;18/05/1990;19/08/2017;F;84194
377;;;77369126022;jakushevostap@yahoo.com;;02/10/1999;15/06/2017;F;104481
378;;;8 (240) 273-00-15;pavlovsevastjan@mail.ru;;28/10/1989;07/08/2019;M;68371
379;;;81269133736;elizaveta_57@gmail.com;;08/06/1992;10/06/2018;M;78322
380;;;8 893 401 1465;teterinkuzma@yahoo.com;;18/09/1975;29/09/2016;M;103287
381;;;+7 064 974 0880;shashkovavalerija@yandex.ru;;05/06/1983;29/01/2012;M;82636
382;;;+7 (621) 277-1947;vladlen88@mail.ru;;30/01/2003;01/05/2015;M;78490
383;;;+7 (224) 258-1577;fominbronislav@yandex.ru;;22/02/1983;30/09/2012;M;121517
384;;;+7 (883) 411-43-82;gostomisllitkin@mail.ru;;24/03/1970;15/06/2012;F;88571
385;;;84622439621;gerasim1989@rambler.ru;;24/12/2000;28/05/2016;F;88049
386;;;8 (392) 274-7924;shilovaoksana@rambler.ru;;12/06/1969;25/09/2012;F;84727
387;;;+7 684 932 2075;mihe2003@yandex.ru;;20/03/1977;25/10/2018;M;71548
388;;;8 133 959 9637;arseni_1998@hotmail.com;;10/09/1986;30/04/2016;F;103731
389;;;75820146009;terentevavasilisa@mail.ru;;15/11/1995;27/02/2015;M;95096
390;;;86632214992;zkulikov@mail.ru;;07/02/1985;20/10/2018;M;96153
391;;;8 (651) 215-00-45;jakovlevsimon@hotmail.com;;06/09/1985;13/11/2017;F;80976
392;;;79538748164;gromovaveronika@yandex.ru;;27/10/1986;27/01/2018;F;85664
393;;;+7 (278) 572-19-77;zhdanovkondrati@gmail.com;;16/01/1995;16/11/2015;F;84314
394;;;8 (458) 564-93-68;mstislavpetuhov@yandex.ru;;05/03/1972;30/09/2012;F;84787
395;;;+7 (866) 544-8850;egor_1986@gmail.com;;24/01/1963;28/05/2013;M;77852
396;;;+7 839 265 41 54;emilija2011@yahoo.com;;27/10/1968;19/12/2012;F;111808
397;;;81673704834;volkovsvetozar@mail.ru;;28/01/1990;07/02/2016;M;97234
398;;;8 644 505 38 64;qblohin@yandex.ru;;08/07/1986;11/07/2016;M;59769
399;;;+7 (582) 689-4044;kalashnikovavde@hotmail.com;;20/07/2002;05/05/2012;F;74036
400;;;+7 (430) 031-70-26;serge_18@gmail.com;;14/08/1960;26/06/2018;M;85086
401;;;8 (715) 307-8505;kirillovsokrat@gmail.com;;11/02/2000;25/10/2017;M;78833
402;;;8 (653) 095-9100;kudrjavtsevostap@yandex.ru;;18/04/1977;26/02/2014;M;99335
403;;;+7 368 831 60 12;sobolevmihe@gmail.com;;17/12/1975;23/08/2016;F;70457
404;;;+7 (424) 172-9882;pestovauljana@yahoo.com;;18/09/1989;10/02/2015;M;81841
405;;;8 (035) 584-0145;filippovmina@gmail.com;;14/12/1977;25/02/2014;M;64794
406;;;+7 923 625 39 51;anikita26@mail.ru;;25/02/2003;01/01/2017;M;79298
407;;;+7 (232) 174-6048;rkulagin@gmail.com;;01/08/2000;25/11/2012;F;72412
408;;;+7 043 821 5787;kiselevelizar@mail.ru;;28/12/1963;05/08/2017;M;86728
409;;;+7 722 261 81 50;olimpi_75@yandex.ru;;18/07/1972;03/06/2012;F;75681
410;;;+7 (739) 204-30-57;yburov@hotmail.com;;21/08/1985;15/12/2018;M;94988
411;;;+7 805 491 9282;epifan_12@yandex.ru;;26/03/1977;04/12/2013;F;77300
412;;;+7 622 777 8096;longin41@hotmail.com;;19/01/1989;27/09/2016;M;73158
413;;;+7 (485) 024-91-78;igor81@mail.ru;;08/10/1973;17/07/2018;M;93847
414;;;8 (388) 062-9794;kornilnikolaev@hotmail.com;;27/08/1984;28/12/2014;F;79606
415;;;+7 834 984 38 13;sitnikovvikenti@gmail.com;;22/03/1967;23/05/2013;M;95302
416;;;+7 (819) 288-4812;gurevdemjan@mail.ru;;24/12/1969;09/09/2014;F;68378
417;;;80416313937;angelina_76@rambler.ru;;22/11/1973;06/10/2017;M;82552
418;;;8 210 974 94 10;visheslav_88@gmail.com;;07/06/1986;28/10/2014;F;73270
419;;;+7 402 701 8880;valerjan1972@hotmail.com;;19/08/1998;09/11/2018;F;89976
420;;;+7 (926) 610-58-45;innokentikorolev@hotmail.com;;04/04/1983;05/07/2016;M;91755
421;;;8 404 004 18 91;odintsovizmail@yandex.ru;;19/04/1970;15/09/2018;F;104033
422;;;8 (094) 831-7893;fedosi_1972@hotmail.com;;22/11/1964;18/04/2017;F;85954
423;;;8 (987) 666-3425;volkovasinklitikija@rambler.ru;;25/05/1990;24/09/2015;F;69181
424;;;+7 (028) 458-8355;titovmina@rambler.ru;;07/11/1980;23/11/2019;F;71944
425;;;72891801687;rjurik1995@yandex.ru;;22/02/1979;20/08/2016;M;105637
426;;;83885717501;merkushevserafim@rambler.ru;;21/11/1984;12/03/2012;M;77409
427;;;88316113269;terenti_20@gmail.com;;24/05/1995;06/10/2015;M;71388
428;;;+7 660 744 4730;olga2010@yahoo.com;;20/04/1991;05/03/2014;M;96796
429;;;+7 (505) 691-02-04;miron12@gmail.com;;07/03/1990;22/03/2019;M;78328
430;;;74554152378;fadeevafekla@yandex.ru;;04/04/1968;15/09/2018;M;99489
431;;;8 (734) 671-8510;lebedevtihon@yandex.ru;;23/07/1993;21/08/2013;F;87742
432;;;8 (590) 603-9022;avksenti1980@yahoo.com;;17/02/1967;21/04/2015;M;92670
433;;;75126680212;vorontsovagalina@mail.ru;;16/08/1995;05/12/2012;F;77091
434;;;+7 (100) 317-0808;dementevadarja@gmail.com;;04/04/1972;18/12/2019;M;68254
435;;;76130228990;georgikalinin@mail.ru;;18/07/1961;16/12/2012;M;63248
436;;;8 778 622 2750;naum_14@mail.ru;;02/01/1964;09/08/2012;M;83527
437;;;71007348309;ipat80@mail.ru;;06/05/1998;05/08/2013;F;73826
438;;;8 (344) 624-37-29;usitnikov@rambler.ru;;14/12/1967;17/04/2014;F;72107
439;;;8 (035) 790-70-91;ksenija_1991@yandex.ru;;29/02/2000;15/07/2019;M;72312
440;;;82152879900;eleonora26@gmail.com;;29/01/1968;20/11/2016;M;100115
441;;;8 240 739 85 58;rjabovaija@gmail.com;;29/11/1968;14/02/2014;F;63980
442;;;+7 495 126 21 65;pahomdmitriev@gmail.com;;23/01/1997;27/09/2018;M;80068
443;;;8 345 538 4475;qmorozova@rambler.ru;;27/01/1984;04/02/2018;M;112495
444;;;8 (027) 982-80-02;darja07@gmail.com;;28/04/1992;01/05/2019;M;91210
445;;;+7 (829) 164-30-30;valerjan2019@hotmail.com;;02/02/1961;14/08/2016;M;86897
446;;;87487064954;kapustinaagata@yahoo.com;;30/10/1978;19/10/2013;M;96171
447;;;+7 (394) 481-7566;jakushevsemen@yahoo.com;;08/09/1992;10/11/2012;M;80561
448;;;79337813805;evstignestrelkov@yahoo.com;;29/10/1998;30/04/2017;M;86048
449;;;8 (426) 696-52-98;gromovafinogen@mail.ru;;03/05/1973;23/03/2014;M;80917
450;;;8 (802) 647-72-72;evgenija95@yahoo.com;;27/01/1964;14/05/2015;F;88488
451;;;8 031 576 21 78;osipfedoseev@yandex.ru;;09/05/1965;18/08/2015;F;78246
452;;;8 (301) 581-3750;turovaekaterina@yahoo.com;;15/09/1967;09/06/2014;M;103565
453;;;8 (724) 742-4828;evgeni_86@hotmail.com;;27/12/1974;15/07/2012;F;62540
454;;;+7 257 444 43 63;lukinasinklitikija@rambler.ru;;03/08/1973;13/11/2015;M;97261
455;;;+7 (650) 462-3001;sitnikovamilitsa@hotmail.com;;02/03/1995;06/04/2015;M;79281
456;;;8 (920) 973-29-20;svjatopolk_65@rambler.ru;;19/03/1982;12/01/2012;F;77347
457;;;+7 946 281 77 80;kopiloviosif@mail.ru;;07/06/1960;01/11/2016;F;75453
458;;;79486477976;orlovvarfolome@gmail.com;;10/08/1988;05/09/2018;M;62097
459;;;+7 (095) 509-47-59;anisim_1978@yahoo.com;;01/02/1977;12/03/2015;F;78850
460;;;8 647 377 2903;vnikolaev@yandex.ru;;01/05/1969;26/11/2019;M;83113
461;;;+7 (558) 137-5860;pzuev@gmail.com;;27/04/1999;26/01/2012;M;93747
462;;;+7 (287) 841-8150;spiridon_16@rambler.ru;;29/07/1974;27/09/2015;F;75656
463;;;71161443072;alevtina_34@yahoo.com;;23/11/1975;31/12/2016;F;97896
464;;;+7 780 415 46 26;radimignatev@yandex.ru;;22/11/1995;25/03/2013;M;77062
465;;;+7 (210) 092-87-24;maja34@yahoo.com;;24/05/1984;23/02/2013;F;65275
466;;;73231735217;filimonzhukov@gmail.com;;03/10/1991;27/12/2019;F;72388
467;;;+7 522 858 38 94;ljubim68@rambler.ru;;09/05/1999;19/10/2019;M;71784
468;;;+7 (088) 681-6379;ponomarevleonid@yahoo.com;;06/10/1996;19/08/2017;F;76678
469;;;8 250 248 9131;birjukovsvetozar@hotmail.com;;01/03/1976;07/12/2012;F;72736
470;;;+7 470 553 71 67;ilja83@mail.ru;;09/01/1985;19/03/2015;F;86464
471;;;8 040 884 19 07;regina_92@mail.ru;;23/12/1979;13/06/2014;M;85949
472;;;+7 935 040 9978;titovluka@mail.ru;;13/07/1998;15/10/2017;M;68739
473;;;+7 527 842 9336;fortunat50@gmail.com;;31/08/1987;02/09/2016;M;67804
474;;;+7 (936) 011-4125;elizaveta27@mail.ru;;08/05/1965;04/10/2019;F;72526
475;;;+7 (263) 033-3732;fadeevaklavdija@yandex.ru;;02/01/1970;16/03/2017;F;90660
476;;;8 873 682 6580;nikitinaelizaveta@gmail.com;;29/06/1976;05/07/2015;M;89487
477;;;+7 507 771 1301;zhdanovereme@yandex.ru;;09/05/1967;23/05/2015;F;77350
478;;;+7 006 551 4955;anisimovamargarita@yandex.ru;;21/02/1973;11/02/2013;F;76514
479;;;8 695 110 16 31;pahomovlongin@mail.ru;;30/11/1973;08/10/2014;M;84930
480;;;8 (676) 549-8813;avdemiheev@rambler.ru;;03/10/1977;16/09/2018;M;73322
481;;;77932696149;ladimirpotapov@rambler.ru;;28/10/1989;10/11/2017;M;99364
482;;;84523527673;zaharovborislav@hotmail.com;;20/10/1986;05/10/2016;M;90577
483;;;+7 952 160 13 72;varfolome_93@yandex.ru;;04/10/1976;08/08/2019;M;63834
484;;;+7 (242) 490-2917;akim_2010@yandex.ru;;07/11/1987;16/09/2018;M;91206
485;;;8 920 179 36 75;sofron2011@rambler.ru;;04/06/1966;29/12/2014;F;95368
486;;;+7 614 996 77 46;saveli_87@yahoo.com;;10/08/1975;03/06/2017;M;95027
487;;;+7 509 873 70 31;stepanovgremislav@gmail.com;;24/11/1965;11/07/2014;F;81920
488;;;8 753 321 7414;anikeartemev@yahoo.com;;18/11/1978;09/08/2015;F;78442
489;;;8 (016) 168-53-29;elizaveta09@yahoo.com;;27/10/1971;19/02/2013;F;92226
490;;;8 (069) 892-3818;evfrosinija_46@mail.ru;;25/08/1987;11/02/2014;M;83247
491;;;8 491 970 81 37;stanislavsafonov@gmail.com;;17/08/1970;23/05/2013;F;62626
492;;;8 409 390 9181;zinovi1991@mail.ru;;12/11/1984;26/06/2013;M;68540
493;;;8 (557) 587-5560;emmanuil42@yandex.ru;;23/06/2001;11/02/2016;F;69099
494;;;8 (832) 827-14-69;hignatova@hotmail.com;;06/12/1963;24/05/2018;F;73691
495;;;8 (023) 975-7898;potapovsidor@yandex.ru;;10/10/1964;14/05/2017;M;72531
496;;;86198285809;matveevairina@yahoo.com;;12/06/1992;10/10/2013;F;78306
497;;;+7 (864) 522-57-61;kshilova@yandex.ru;;04/11/1961;23/02/2019;M;81095
498;;;8 740 457 41 19;ruben_1990@hotmail.com;;08/11/1996;12/08/2019;M;64574
499;;;73271421927;bronislav94@rambler.ru;;29/08/1991;06/05/2015;M;61390
500;;;84944358315;yrozhkov@gmail.com;;18/10/1978;30/08/2012;F;64335
501;;;8 (991) 631-7400;xkononov@yahoo.com;;02/05/1991;14/05/2012;F;99728
502;;;8 877 295 09 12;kapustinarefi@hotmail.com;;22/06/1998;07/08/2012;M;107645
503;;;8 (205) 792-9426;adamprohorov@gmail.com;;06/10/1983;16/07/2016;M;98543
504;;;+7 (345) 139-9522;veronika64@yahoo.com;;22/02/1997;17/06/2019;F;101175
505;;;86618600484;serafim1992@yandex.ru;;06/03/2003;12/04/2012;F;63605
506;;;82765016123;kudrjashovaantonina@hotmail.com;;15/03/1983;23/04/2013;F;104870
507;;;8 (105) 963-9820;semen_2002@hotmail.com;;06/09/1992;29/05/2016;M;71857
508;;;70543562790;gorshkovemeljan@hotmail.com;;02/09/1987;23/09/2017;M;85335
509;;;+7 (432) 327-0168;kondratevizjaslav@hotmail.com;;13/10/1982;10/04/2012;F;83324
510;;;+7 464 534 0684;seliverst47@gmail.com;;01/01/1970;19/10/2018;M;75306
511;;;8 (448) 219-96-70;fmatveev@hotmail.com;;15/08/1988;23/02/2017;M;82628
512;;;8 (009) 609-48-61;ruslan83@mail.ru;;01/08/1975;14/10/2017;M;68160
513;;;+7 (799) 411-44-27;lidija_99@gmail.com;;26/01/1982;30/08/2016;M;75243
514;;;+7 391 441 33 23;savelevsamuil@yandex.ru;;16/04/1998;24/06/2012;M;83664
515;;;+7 076 835 0368;vitalishcherbakov@mail.ru;;03/03/1986;19/11/2014;M;78997
516;;;+7 (110) 757-96-86;kiselevdobromisl@mail.ru;;19/07/1995;20/11/2019;M;73796
517;;;8 (144) 825-14-78;simon_98@mail.ru;;04/06/1975;30/07/2017;M;99788
518;;;+7 (157) 654-9426;julija09@gmail.com;;18/10/1972;22/05/2012;F;96837
519;;;+7 394 573 09 27;evdokimovataisija@gmail.com;;30/04/1968;17/07/2014;M;86668
520;;;85625239159;emmanuil1974@rambler.ru;;01/11/1997;09/12/2017;F;93393
521;;;+7 604 150 85 72;evpraksija2010@yahoo.com;;06/04/1980;28/02/2013;M;72013
522;;;8 (035) 324-0700;amvrosi34@mail.ru;;23/09/1994;19/06/2017;F;84817
523;;;71171451951;ostapdementev@rambler.ru;;07/01/1966;27/01/2012;F;102791
524;;;80713985871;izjaslavershov@hotmail.com;;04/03/1992;20/03/2016;M;90249
525;;;8 570 720 95 17;blohinleonti@rambler.ru;;14/08/1992;21/06/2015;M;87350
526;;;+7 (533) 512-9379;grigorevkuprijan@hotmail.com;;16/11/1968;06/04/2013;F;99701
527;;;8 (380) 926-7353;vadimkazakov@yahoo.com;;28/06/1984;12/04/2012;M;96088
528;;;82520530745;nesterovamargarita@gmail.com;;25/02/1994;26/06/2018;M;80004
529;;;+7 546 976 1362;belousovarkadi@hotmail.com;;07/07/1972;02/06/2015;F;83218
530;;;83669110097;sergeevamarina@rambler.ru;;02/11/1966;08/03/2016;M;107743
531;;;88702447638;aevseeva@hotmail.com;;27/02/1993;19/04/2012;F;88766
532;;;75552835845;cmuravev@gmail.com;;05/10/1979;19/12/2018;M;84843
533;;;8 861 125 78 63;kiselevvissarion@yandex.ru;;01/06/1997;24/07/2014;M;103803
534;;;8 302 680 4511;sevastjan_1970@rambler.ru;;15/12/1994;22/08/2018;M;82761
535;;;8 (016) 432-5998;paramonlarionov@yandex.ru;;19/01/1983;18/11/2018;F;78265
536;;;+7 541 468 4453;poljakovladislav@yahoo.com;;27/09/1983;22/02/2016;M;84029
537;;;+7 (593) 735-1159;seliverstovazhanna@mail.ru;;29/01/1973;06/09/2015;M;100213
538;;;8 (032) 398-02-43;vseslav49@gmail.com;;18/02/1966;17/02/2013;F;85748
539;;;8 924 544 4650;efimkovalev@yahoo.com;;11/03/1984;23/02/2015;M;88909
540;;;8 (997) 331-0578;zikovborislav@gmail.com;;18/09/2001;04/07/2016;F;83963
541;;;8 784 168 8319;dkarpov@rambler.ru;;11/01/1961;03/02/2014;F;69587
542;;;+7 (140) 946-4092;radovangolubev@mail.ru;;21/08/1976;03/09/2016;F;73759
543;;;+7 344 502 87 64;radim1983@yahoo.com;;25/11/1974;19/03/2016;M;77550
544;;;+7 005 899 2582;petuhovatamara@yahoo.com;;03/10/1970;08/02/2015;M;74349
545;;;+7 (606) 533-93-54;sigizmund82@yandex.ru;;11/05/1999;02/10/2013;F;77028
546;;;+7 634 378 0568;vinogradovvatslav@hotmail.com;;08/03/1999;12/04/2012;M;85540
547;;;88309227362;averjantrofimov@gmail.com;;27/12/1981;31/01/2016;M;55366
548;;;+7 (383) 197-6860;ilitkin@hotmail.com;;08/11/1990;24/06/2014;M;76906
549;;;8 (055) 800-80-18;bikovaeleonora@gmail.com;;06/03/1966;09/04/2019;M;69466
550;;;89273401299;svetozargromov@rambler.ru;;26/05/1985;28/10/2012;F;84757
551;;;+7 (213) 191-14-80;kononovnikandr@mail.ru;;04/04/1967;08/04/2016;M;65280
552;;;70021871691;mstislav_1981@gmail.com;;15/07/1997;02/01/2012;M;95926
553;;;8 (379) 387-85-95;ribakovspartak@yandex.ru;;31/08/2000;27/05/2016;M;92390
554;;;87855576705;kfedoseev@hotmail.com;;11/04/1987;27/06/2016;M;95784
555;;;81144999549;nonna2006@yahoo.com;;09/04/1994;24/05/2019;F;96339
556;;;8 923 744 01 59;gerasimovavde@mail.ru;;23/12/1998;18/05/2012;M;82708
557;;;8 (916) 872-80-76;askold_1986@hotmail.com;;02/03/1973;05/10/2014;M;67957
558;;;8 (504) 956-24-77;lavrentevradislav@yahoo.com;;19/06/1999;26/11/2012;F;84703
559;;;+7 668 990 6983;german47@rambler.ru;;07/05/1985;10/12/2013;M;81162
560;;;+7 (123) 152-8587;ttimofeev@mail.ru;;27/07/1978;24/09/2013;F;90445
561;;;79496069195;petuhovaljubov@hotmail.com;;19/03/1999;14/10/2019;M;68375
562;;;86915145215;irakli_55@yahoo.com;;29/07/1963;01/07/2012;F;66905
563;;;8 (841) 124-5731;litkinamaja@yandex.ru;;21/03/1971;04/10/2018;M;82046
564;;;78610648679;bikovaklavdija@gmail.com;;09/05/1968;05/11/2014;F;85635
565;;;8 (571) 261-72-86;isidor1994@yahoo.com;;26/08/1965;27/05/2013;F;76868
566;;;+7 578 345 46 98;dorofe1990@gmail.com;;21/04/2002;26/06/2012;M;101303
567;;;8 328 612 03 93;bobilevmefodi@hotmail.com;;17/11/1989;07/10/2014;F;57680
568;;;8 246 800 1498;kira78@yahoo.com;;26/07/1966;24/05/2019;M;98497
569;;;8 (481) 934-8825;burovsolomon@hotmail.com;;25/10/1978;17/03/2012;F;92610
570;;;71625340799;tsvetkovbronislav@gmail.com;;01/01/1966;07/03/2013;F;74150
571;;;+7 (733) 303-12-36;demjan_42@gmail.com;;04/10/1971;22/12/2019;M;93349
572;;;8 (115) 919-0868;kudrjavtsevaangelina@mail.ru;;11/07/1964;21/06/2012;F;97508
573;;;8 (312) 249-36-63;frol_95@rambler.ru;;21/07/1976;13/04/2013;F;87496
574;;;+7 (702) 301-6362;belozerovprokl@yahoo.com;;05/03/1991;12/06/2012;F;80024
575;;;8 (594) 313-76-35;zhanna_91@mail.ru;;18/02/1962;21/03/2016;F;78780
576;;;84690142511;avdekrjukov@mail.ru;;06/01/1990;29/09/2017;M;66044
577;;;75892883488;kira1994@yandex.ru;;02/06/1978;28/05/2018;F;91597
578;;;78086813609;suvorovstepan@gmail.com;;04/07/1968;11/11/2019;M;95265
579;;;78867600969;prohorovipat@mail.ru;;01/07/1964;02/01/2015;M;76787
580;;;+7 (514) 658-7030;ckostin@hotmail.com;;10/08/1998;28/01/2016;M;66671
581;;;8 (832) 017-8632;ignati2007@yandex.ru;;04/05/1987;29/11/2017;M;92714
582;;;8 895 231 1693;solomon1978@rambler.ru;;16/01/1994;17/02/2018;M;73174
583;;;75611902769;anike75@rambler.ru;;27/10/1978;01/07/2019;M;74614
584;;;86675431221;mstislav35@yandex.ru;;26/06/1999;12/01/2019;F;69544
585;;;+7 075 664 6203;minaosipov@rambler.ru;;26/03/1961;09/05/2012;F;95590
586;;;8 (626) 351-7030;alekseevpolikarp@hotmail.com;;17/11/1982;19/06/2016;F;95399
587;;;73634204450;simon_65@hotmail.com;;04/03/1986;27/11/2018;M;87421
588;;;8 (800) 791-10-42;rodionovamvrosi@rambler.ru;;21/08/1985;25/04/2015;F;70166
589;;;85437563125;evdokija68@rambler.ru;;28/10/1984;06/08/2013;F;58427
590;;;+7 833 207 77 26;mir2019@yahoo.com;;03/05/1979;27/04/2015;M;79793
591;;;8 (068) 336-4442;tsvetkovalarisa@hotmail.com;;22/02/1979;04/03/2017;F;76184
592;;;70709891062;lukjan_62@rambler.ru;;18/12/1987;22/11/2012;F;71828
593;;;+7 437 038 2904;olimpiada_01@rambler.ru;;21/12/1991;14/05/2015;F;91041
594;;;75851460232;egorovaglafira@gmail.com;;04/09/1972;11/07/2019;F;86924
595;;;77721319190;hafanasev@yahoo.com;;01/09/1980;14/05/2015;F;79380
596;;;8 (366) 617-55-62;shashkovaveronika@hotmail.com;;10/05/1978;05/02/2016;M;96468
597;;;8 571 286 79 54;danilovkliment@hotmail.com;;22/06/1961;27/10/2013;M;75134
598;;;8 835 907 0261;makarovkazimir@yahoo.com;;17/05/2000;03/07/2015;F;113231
599;;;+7 683 076 57 91;uljan1979@rambler.ru;;14/05/1989;04/05/2014;M;75525
600;;;+7 (308) 887-9563;eliseevandre@mail.ru;;13/08/1993;15/01/2019;F;81443
601;;;+7 (931) 521-40-18;cdementev@yahoo.com;;04/07/1972;06/05/2012;M;82124
602;;;+7 (988) 995-73-68;eremegorshkov@hotmail.com;;11/09/1973;29/01/2013;F;82424
603;;;+7 743 077 31 04;vinogradovljubosmisl@hotmail.com;;12/09/1980;03/01/2016;M;86628
604;;;73165064892;apollinarinikiforov@gmail.com;;16/10/1997;25/05/2016;F;72637
605;;;74628694901;zinovevevse@yandex.ru;;14/06/1985;25/03/2014;M;91765
606;;;73551200007;arhipovalidija@yandex.ru;;23/06/2002;08/09/2018;M;69284
607;;;+7 946 940 9461;gnesterov@gmail.com;;12/03/1964;28/02/2012;F;78587
608;;;+7 (120) 122-7583;melnikovzahar@rambler.ru;;04/03/1998;12/12/2014;F;83896
609;;;82949305699;kira_1992@mail.ru;;18/04/1976;02/05/2013;F;93240
610;;;76823188261;rkuznetsov@gmail.com;;03/04/1999;10/05/2015;F;74615
611;;;8 832 810 8533;kuznetsovparfen@hotmail.com;;25/01/1987;25/05/2012;F;99142
612;;;83283208266;evdokija_21@mail.ru;;06/06/1970;23/02/2013;F;67690
613;;;71971756084;bogdanovsavvati@rambler.ru;;14/10/1982;09/07/2012;F;78083
614;;;8 951 782 9973;kim_2001@yahoo.com;;06/07/1962;26/06/2016;F;76091
615;;;8 118 000 00 81;komarovlukjan@hotmail.com;;31/05/1974;05/06/2015;F;98766
616;;;+7 975 360 6593;okalinina@mail.ru;;29/01/1969;02/04/2017;F;77206
617;;;8 (415) 495-26-55;frolovaverki@mail.ru;;24/09/1983;08/07/2017;F;93095
618;;;+7 (704) 731-2271;melnikovnikifor@gmail.com;;28/12/1978;20/03/2018;M;82395
619;;;+7 161 654 79 98;fdementev@mail.ru;;23/11/1981;23/06/2019;M;108730
620;;;8 634 937 5722;karldenisov@hotmail.com;;21/02/1988;27/09/2014;M;99916
621;;;8 363 258 53 34;kovalevgorde@hotmail.com;;09/08/1961;28/09/2017;F;77396
622;;;8 (581) 477-3961;bogdan_1978@hotmail.com;;06/02/1963;03/05/2015;F;74017
623;;;8 980 432 7079;lshestakova@yandex.ru;;26/04/1996;17/05/2015;M;100803
624;;;+7 (239) 035-5166;raisa_31@yandex.ru;;08/05/1995;26/10/2012;M;87691
625;;;8 914 412 75 88;btihonova@hotmail.com;;21/05/1994;04/02/2016;F;74373
626;;;89925571504;zhanna54@mail.ru;;05/03/1964;27/06/2016;M;89802
627;;;+7 966 238 3435;ksergeeva@rambler.ru;;12/02/2002;25/11/2014;F;61834
628;;;+7 (041) 953-54-18;xnosov@yahoo.com;;29/04/2000;01/10/2013;F;80486
629;;;+7 243 880 04 71;imjasnikov@hotmail.com;;06/07/1975;06/05/2012;F;89335
630;;;+7 (010) 025-46-45;fkonovalov@yahoo.com;;23/01/1966;10/03/2014;F;92021
631;;;81768583438;svjatopolk_71@hotmail.com;;19/12/1986;28/02/2016;M;72430
632;;;+7 (850) 559-81-61;zshcherbakov@mail.ru;;26/02/1993;18/08/2017;F;75941
633;;;8 (006) 504-43-94;feoktistjudin@mail.ru;;05/12/1990;10/09/2016;F;85259
634;;;+7 (263) 458-4981;komarovasinklitikija@mail.ru;;12/10/1996;24/11/2019;M;85230
635;;;+7 685 886 8959;osip_73@yahoo.com;;15/11/1965;14/09/2019;M;102616
636;;;+7 (772) 833-67-75;molchanovprokl@gmail.com;;08/02/1970;10/06/2012;M;74547
637;;;+7 709 230 65 18;radislav_1990@yandex.ru;;13/06/1964;11/09/2016;F;73075
638;;;8 (589) 002-49-02;mamontovalukija@hotmail.com;;15/12/1969;23/10/2016;F;92724
639;;;8 253 024 5547;erofe_1982@mail.ru;;26/04/2001;30/03/2012;F;87776
640;;;8 561 602 03 81;njudina@mail.ru;;05/08/1972;02/09/2016;F;81639
641;;;8 (777) 914-7473;titsuhanov@rambler.ru;;26/05/1964;04/04/2016;F;71434
642;;;+7 005 848 3926;viktorefimov@rambler.ru;;26/11/1998;11/05/2018;M;96079
643;;;+7 (737) 388-63-42;sofron44@yahoo.com;;11/04/1964;25/08/2012;M;64414
644;;;85791697218;zahar_2013@yahoo.com;;27/05/1975;06/09/2014;M;95911
645;;;8 282 911 87 78;ipati19@yandex.ru;;13/03/1986;02/11/2015;F;69809
646;;;8 (675) 358-9845;milovan_1979@hotmail.com;;30/07/1989;10/02/2014;M;71618
647;;;76104344274;ermakovaglafira@mail.ru;;09/01/1999;30/01/2014;F;74801
648;;;+7 331 810 9586;seliverst27@yahoo.com;;08/07/1991;28/09/2015;M;73529
649;;;8 (332) 732-5670;ribakovmakar@yandex.ru;;14/08/1963;11/09/2012;M;58718
650;;;76888765643;varlaam_28@yandex.ru;;29/08/1967;16/02/2018;F;92639
651;;;+7 413 344 34 66;parfen2008@yahoo.com;;27/07/1982;27/03/2016;M;103310
652;;;+7 (550) 507-2462;matveevnikola@rambler.ru;;02/04/1975;12/08/2018;M;90660
653;;;8 220 171 91 27;sofon_73@rambler.ru;;17/05/1967;25/03/2012;F;65904
654;;;+7 (785) 917-9149;baranovapelageja@mail.ru;;18/09/2000;26/01/2014;M;80032
655;;;+7 (776) 484-8243;mnikiforova@hotmail.com;;15/12/1982;19/04/2015;M;111214
656;;;+7 777 552 97 95;bsidorova@yandex.ru;;08/07/1990;01/07/2019;M;89954
657;;;+7 (477) 835-8327;tihon59@hotmail.com;;18/08/1974;02/08/2018;F;96960
658;;;8 440 515 8413;poljakovfedor@yahoo.com;;03/10/1966;21/12/2013;F;93791
659;;;+7 682 593 10 42;aleksandra_64@hotmail.com;;18/07/1988;12/07/2017;F;83198
660;;;+7 (503) 674-7926;bolshakovanonna@yahoo.com;;20/03/1975;19/09/2018;F;87782
661;;;+7 868 144 9989;zoja_69@gmail.com;;28/05/1965;18/03/2018;M;76893
662;;;8 (175) 402-60-25;natan_1985@hotmail.com;;19/02/1980;23/03/2016;M;102330
663;;;8 (320) 113-07-13;martjan1972@gmail.com;;10/03/1998;25/02/2019;F;66358
664;;;72106551959;nikodim_08@yahoo.com;;13/02/1991;31/05/2017;F;73184
665;;;+7 374 191 7450;vasilisa2010@rambler.ru;;11/04/2002;11/07/2017;M;69503
666;;;8 852 581 42 59;lukija_64@yandex.ru;;05/08/1983;02/09/2018;M;79749
667;;;84205609575;mechislav_1983@yandex.ru;;01/04/1978;17/04/2019;M;64147
668;;;74208929625;varfolome_33@rambler.ru;;28/07/1972;09/12/2012;M;72018
669;;;79204854003;azarigalkin@yahoo.com;;01/09/1978;02/11/2016;F;104722
670;;;71776378451;julija2000@rambler.ru;;17/11/1967;27/02/2018;F;86751
671;;;8 (293) 846-70-73;haritonchernov@gmail.com;;21/11/1968;12/09/2016;F;90384
672;;;8 (245) 255-95-00;olimpinikonov@rambler.ru;;28/11/1982;30/07/2019;F;104548
673;;;8 (754) 426-8771;moise_1972@yandex.ru;;18/11/2000;06/12/2017;F;70742
674;;;70975262223;birjukovtihon@rambler.ru;;01/11/1979;21/05/2012;F;56103
675;;;+7 427 118 43 22;kornil1973@yahoo.com;;13/10/1974;09/02/2016;M;92985
676;;;8 419 363 53 73;zikovvjacheslav@yahoo.com;;26/11/1990;23/07/2014;F;77364
677;;;73004177560;lebedevapraskovja@gmail.com;;01/02/1971;15/08/2015;M;69035
678;;;8 (716) 573-62-00;luka_1977@mail.ru;;11/11/1965;06/08/2018;M;88743
679;;;+7 935 640 50 01;bazhen1971@yahoo.com;;19/04/1980;16/03/2013;F;66404
680;;;+7 (379) 051-5610;martinovevdokim@yandex.ru;;04/10/1988;23/11/2018;F;83291
681;;;+7 (768) 154-05-64;jlihachev@hotmail.com;;29/10/1996;04/05/2019;F;96136
682;;;8 (411) 412-04-85;martjan33@gmail.com;;11/09/1980;13/08/2012;M;106784
683;;;8 780 104 55 64;jaropolk_58@mail.ru;;15/05/1962;12/08/2017;M;69990
684;;;8 (094) 959-44-21;komarovemil@hotmail.com;;30/08/1999;27/09/2016;M;69317
685;;;8 (770) 262-3719;bloginov@hotmail.com;;29/10/2000;09/06/2015;M;76115
686;;;8 956 205 7443;aleksandr_2005@yandex.ru;;20/03/2002;24/12/2013;M;79372
687;;;+7 (717) 125-8760;afanasevfedor@gmail.com;;10/01/2002;17/03/2016;F;84523
688;;;+7 (840) 651-08-51;elizarkabanov@mail.ru;;03/01/1974;24/08/2016;F;101452
689;;;8 301 680 8735;ljudmila_06@rambler.ru;;03/01/1971;08/03/2012;F;77745
690;;;+7 (626) 576-4060;agap1987@rambler.ru;;28/05/1983;02/07/2015;M;87412
691;;;8 634 911 3790;doroninapelageja@hotmail.com;;08/09/1966;12/10/2014;M;79527
692;;;+7 210 962 5445;mili2001@hotmail.com;;21/02/1987;16/01/2013;M;82039
693;;;8 385 237 38 07;kazimir54@yandex.ru;;15/10/1981;29/01/2016;M;77192
694;;;8 (511) 197-1171;david28@yandex.ru;;19/03/1980;21/02/2016;M;65538
695;;;74928213730;abramovavera@hotmail.com;;06/10/1996;18/01/2015;M;92374
696;;;+7 (143) 657-9791;efrem_1986@gmail.com;;26/02/1964;27/06/2012;M;74014
697;;;8 120 526 9353;adrian_21@mail.ru;;01/04/1965;29/01/2018;M;106944
698;;;8 (165) 597-61-15;jaropolk_73@hotmail.com;;05/04/1968;05/04/2013;M;76049
699;;;+7 (796) 722-57-44;ivan75@rambler.ru;;24/12/1978;04/06/2014;F;69745
700;;;8 (490) 002-29-89;zrogov@yandex.ru;;01/12/1999;22/02/2019;F;93093
701;;;8 (829) 095-0619;ljubov_1997@yahoo.com;;29/09/1992;03/02/2015;M;77252
702;;;8 092 847 91 92;lev_1988@yandex.ru;;20/08/1981;12/04/2019;M;74777
703;;;8 992 747 59 22;galaktion_1978@yandex.ru;;07/07/1976;25/01/2015;M;44879
704;;;8 (490) 220-59-38;usharapov@yandex.ru;;21/02/2000;03/02/2019;F;90445
705;;;+7 (276) 515-7714;irakli_2009@hotmail.com;;21/12/1978;25/01/2016;F;56482
706;;;+7 (689) 526-6603;bojangordeev@mail.ru;;07/01/1987;31/12/2012;F;106849
707;;;75774017171;darja_47@yahoo.com;;13/03/1964;03/07/2013;F;77602
708;;;8 876 451 89 56;bermakov@mail.ru;;22/09/1971;13/07/2016;F;110591
709;;;8 543 406 8352;anisim_1970@yandex.ru;;15/10/1973;21/08/2012;M;110219
710;;;+7 (823) 056-41-86;rodionovaraisa@hotmail.com;;04/03/1985;03/11/2013;F;69432
711;;;8 (664) 107-32-44;ignatovpolikarp@hotmail.com;;27/11/1993;15/10/2014;M;105375
712;;;8 479 731 48 31;fomichevaoktjabrina@yandex.ru;;01/01/1977;06/07/2019;M;87387
713;;;+7 (216) 897-7051;uvarovaagafja@gmail.com;;23/10/2001;19/03/2018;M;82306
714;;;8 (873) 919-00-84;sidorovaalevtina@yahoo.com;;22/03/1981;30/08/2014;M;99892
715;;;+7 (841) 892-4950;valentin_66@mail.ru;;15/04/1983;27/11/2018;M;76856
716;;;72918871843;hvorontsova@yahoo.com;;21/11/1963;22/12/2013;M;88720
717;;;8 757 250 77 89;maksimovaalla@yandex.ru;;04/11/1979;02/01/2017;M;75217
718;;;+7 179 441 4778;zinovi_82@yandex.ru;;13/07/1989;19/11/2017;M;74159
719;;;+7 783 896 0963;solovevaolimpiada@rambler.ru;;15/03/1985;13/09/2017;M;96736
720;;;8 676 897 98 06;vera80@yahoo.com;;30/10/1987;05/04/2015;F;105820
721;;;+7 (902) 772-4317;boleslav02@rambler.ru;;28/04/1989;02/08/2019;M;66801
722;;;8 846 133 01 26;porfiri1979@yahoo.com;;10/07/1997;31/03/2015;M;62586
723;;;+7 (126) 250-4991;mironovkuzma@mail.ru;;03/11/1979;30/07/2019;M;76324
724;;;+7 522 099 89 91;efremovguri@rambler.ru;;06/08/1978;19/01/2017;M;84235
725;;;+7 (414) 078-9051;bespalovmir@yandex.ru;;13/11/1967;20/07/2015;M;96013
726;;;+7 (774) 595-66-70;danilovamilitsa@yahoo.com;;01/05/1971;12/07/2019;M;58925
727;;;+7 (763) 917-8320;kudrjashovarhip@yahoo.com;;09/04/1968;24/04/2017;F;87246
728;;;86960471178;afanasiivanov@yahoo.com;;07/03/1986;16/11/2014;M;76311
729;;;+7 067 457 29 76;evgraf_36@yandex.ru;;23/02/1998;18/11/2017;M;65494
730;;;8 (360) 054-82-02;dorofeevaskold@gmail.com;;11/03/1961;05/02/2017;M;84632
731;;;+7 273 786 9154;ljudmila1977@yandex.ru;;16/09/1975;10/02/2014;F;87620
732;;;+7 019 796 30 00;markkazakov@hotmail.com;;30/11/1964;27/01/2016;M;79712
733;;;+7 (385) 281-56-24;ivanovavasilisa@yandex.ru;;25/07/2002;23/07/2015;F;53003
734;;;+7 (504) 940-5444;kasjansorokin@yahoo.com;;16/09/2002;30/10/2012;F;74660
735;;;8 703 822 82 64;janvishnjakov@mail.ru;;18/09/1994;17/09/2014;M;87735
736;;;+7 (792) 163-34-58;aleksandra_1974@yandex.ru;;02/09/1980;07/08/2019;M;68443
737;;;87988253554;marina31@mail.ru;;26/12/1980;02/10/2018;F;79924
738;;;74090445044;ernest2004@yandex.ru;;08/10/1973;24/01/2018;M;84596
739;;;8 (420) 874-3385;kovalevaangelina@hotmail.com;;07/02/1993;15/05/2013;M;72041
740;;;88960899534;dobroslav_2005@rambler.ru;;21/01/1974;02/03/2014;F;78239
741;;;8 553 432 9903;mihail36@hotmail.com;;03/10/2001;15/02/2016;F;88027
742;;;+7 519 615 90 81;fturov@gmail.com;;02/09/1961;24/05/2012;F;88001
743;;;+7 (283) 894-95-22;nifont_71@yahoo.com;;27/02/1986;02/03/2013;F;69641
744;;;8 (180) 590-2354;ostap63@rambler.ru;;10/03/1989;18/10/2016;M;77036
745;;;83797030630;longinsharapov@gmail.com;;31/10/1961;01/05/2017;M;69046
746;;;8 225 727 18 62;izotfedoseev@rambler.ru;;04/01/1965;06/11/2016;F;71595
747;;;+7 (664) 230-6077;fedorovanikita@mail.ru;;06/05/2001;14/03/2012;M;76667
748;;;8 883 007 0298;igor1971@rambler.ru;;13/08/1988;05/05/2018;M;67847
749;;;78757772722;solomon_1975@rambler.ru;;25/02/1997;31/03/2015;M;99174
750;;;82843954711;medvedevluka@yandex.ru;;17/06/1960;01/08/2012;F;110256
751;;;8 (586) 136-18-91;zhukovaanzhelika@yandex.ru;;03/07/1994;12/11/2012;M;95574
752;;;8 (121) 288-25-80;milennovikov@hotmail.com;;13/08/1990;17/08/2019;M;87582
753;;;8 (625) 450-3822;ivanovagalina@yandex.ru;;25/07/1977;24/01/2017;M;106359
754;;;+7 (788) 158-2088;mefodi_2016@mail.ru;;24/11/1992;23/02/2014;M;73769
755;;;8 (867) 544-60-14;azari1971@gmail.com;;01/01/1982;08/01/2015;M;88377
756;;;8 668 638 4420;wshchukin@yahoo.com;;06/01/1986;13/12/2012;F;75950
757;;;8 963 995 06 07;lknjazev@rambler.ru;;04/01/1990;15/09/2015;F;95648
758;;;8 647 854 7484;evdokimjudin@yandex.ru;;21/06/1994;22/06/2012;M;82212
759;;;8 (163) 066-95-72;orlovataisija@hotmail.com;;31/12/1981;30/10/2017;M;87829
760;;;87107733983;mbeljaev@gmail.com;;09/06/1981;26/10/2015;F;71295
761;;;8 138 537 3717;maksimiljan_1984@yahoo.com;;05/09/1974;25/10/2017;F;85359
762;;;8 (420) 007-6843;jdenisov@yandex.ru;;28/02/1996;10/07/2015;F;73752
763;;;8 (405) 368-5660;galaktionpopov@gmail.com;;19/05/1981;21/05/2014;M;70599
764;;;8 820 494 7177;ippolit_74@yandex.ru;;11/08/2001;08/12/2018;F;67714
765;;;8 (252) 013-3255;gerasimovaanastasija@rambler.ru;;08/01/1966;20/02/2016;F;92802
766;;;+7 629 850 34 58;olga50@yahoo.com;;23/10/1965;14/10/2016;M;69334
767;;;8 134 444 48 72;samsonovleonti@hotmail.com;;03/12/1970;01/11/2015;F;119023
768;;;80097086166;ipati_03@yandex.ru;;17/08/1984;20/01/2015;F;78368
769;;;+7 (595) 984-0545;davidovlavrenti@yahoo.com;;14/12/1973;22/10/2016;M;82872
770;;;+7 (672) 934-0354;demidfilatov@yahoo.com;;15/12/1993;14/06/2015;F;100765
771;;;8 673 084 9861;natan_2017@mail.ru;;17/04/1983;16/11/2012;M;95652
772;;;8 745 131 11 83;rogovaregina@rambler.ru;;28/04/1999;07/04/2016;F;71829
773;;;8 216 979 53 99;valentin_53@hotmail.com;;16/03/1982;08/09/2018;F;82034
774;;;+7 (069) 647-33-85;ljubov_2002@gmail.com;;07/06/1991;05/10/2017;M;117211
775;;;8 549 649 28 14;foka1986@rambler.ru;;08/06/1985;09/07/2017;F;93526
776;;;8 (931) 246-3775;trofimovmaksim@yandex.ru;;20/09/1977;05/04/2014;M;69391
777;;;+7 (118) 732-8885;solovevsaveli@hotmail.com;;25/04/1974;14/12/2013;M;79403
778;;;+7 (126) 912-71-90;alevtina1986@mail.ru;;01/07/1993;26/09/2016;M;66987
779;;;+7 613 387 13 16;averki_34@yahoo.com;;16/04/1961;07/08/2012;F;66727
780;;;+7 728 123 9622;titovereme@yandex.ru;;17/04/1980;11/02/2012;M;81199
781;;;8 (951) 865-25-95;novikovpolikarp@hotmail.com;;06/06/1989;27/08/2015;F;88557
782;;;+7 981 762 6341;kuznetsovoleg@yandex.ru;;13/11/1981;16/10/2016;M;77536
783;;;83450262686;frolovjakub@yahoo.com;;20/07/1999;20/11/2018;F;83761
784;;;74627075747;zmolchanov@gmail.com;;19/01/1978;16/07/2014;M;74866
785;;;+7 466 820 03 42;matveantonov@hotmail.com;;03/03/1975;22/01/2014;M;99874
786;;;86603919533;arhipovaivanna@gmail.com;;03/07/1973;27/12/2018;F;91562
787;;;+7 729 835 67 83;vasilevinnokenti@yandex.ru;;01/12/1971;24/03/2019;M;54543
788;;;+7 749 068 3275;kondratevamaja@mail.ru;;23/10/1962;25/02/2018;M;97352
789;;;+7 (431) 954-13-71;anikita_2005@mail.ru;;23/01/1975;18/04/2016;M;58347
790;;;+7 (489) 012-9882;pankrat2000@rambler.ru;;06/04/1978;24/07/2013;M;83560
791;;;+7 (093) 106-65-45;avksenti_49@gmail.com;;13/07/1961;06/10/2016;M;76134
792;;;8 (292) 755-53-75;psamolov@hotmail.com;;27/01/1963;21/03/2016;M;102918
793;;;+7 396 394 63 97;aleksandrsemenov@rambler.ru;;13/06/1980;03/05/2014;F;94812
794;;;8 234 366 2849;eduard_04@gmail.com;;07/12/1978;15/05/2015;F;85560
795;;;+7 (117) 958-0587;avgust_1985@rambler.ru;;03/04/1963;04/11/2019;M;84115
796;;;+7 043 756 1229;bobrovljubosmisl@mail.ru;;11/12/1976;22/05/2018;M;86789
797;;;71713221447;kalininazoja@rambler.ru;;07/03/1998;27/09/2017;M;72338
798;;;+7 900 008 7749;moiseevagalina@rambler.ru;;14/01/1977;26/08/2018;M;51950
799;;;+7 126 691 83 60;gorshkovavarvara@hotmail.com;;16/07/1979;29/04/2017;M;102552
800;;;+7 (676) 524-35-10;krilovkliment@yahoo.com;;15/11/1964;19/11/2013;M;105706
801;;;8 413 741 69 70;hignatev@yahoo.com;;18/11/1965;12/08/2019;M;71740
802;;;+7 995 066 9818;mjasnikovfrol@gmail.com;;26/05/1983;26/07/2019;F;67941
803;;;8 (923) 140-75-25;fortunatgavrilov@mail.ru;;29/04/1980;16/07/2018;F;73055
804;;;76124213532;medvedevataisija@yandex.ru;;27/01/1966;19/02/2013;M;85566
805;;;+7 (171) 979-3749;kalininsvjatopolk@yandex.ru;;10/12/1995;02/02/2019;F;94545
806;;;+7 (920) 805-2632;kornil26@yandex.ru;;01/02/1972;06/12/2013;M;83322
807;;;+7 (675) 224-0113;fedosi_70@yahoo.com;;02/07/1989;15/02/2019;F;71066
808;;;8 306 827 50 36;antonovtrifon@rambler.ru;;26/10/1967;17/05/2016;M;59798
809;;;76157739704;sila_1995@rambler.ru;;29/05/1988;12/05/2018;M;96252
810;;;72567595927;timofeevbudimir@rambler.ru;;09/09/1995;12/10/2012;M;77268
811;;;+7 (246) 504-28-40;juri89@rambler.ru;;04/02/1995;07/10/2018;M;89485
812;;;+7 853 176 0440;tvorobev@hotmail.com;;03/02/1973;20/02/2012;M;94008
813;;;8 828 994 34 57;agata_1980@yahoo.com;;08/04/1992;04/04/2018;M;67551
814;;;+7 (090) 637-1503;foka34@hotmail.com;;17/10/1977;13/02/2016;F;101620
815;;;8 (407) 398-67-65;fominlazar@hotmail.com;;08/05/1988;18/10/2017;M;70055
816;;;75730897377;nikandr_76@yahoo.com;;05/04/1994;01/08/2017;F;99400
817;;;8 (002) 706-28-65;rostislav1991@hotmail.com;;25/03/1999;20/01/2012;F;99108
818;;;+7 (680) 953-7907;ippolitmiheev@gmail.com;;27/03/1972;31/01/2017;M;83182
819;;;8 446 098 52 93;guljaevkonon@yandex.ru;;13/04/1991;26/03/2013;F;79122
820;;;+7 590 738 4623;vjacheslav_1998@rambler.ru;;12/08/1963;12/10/2015;M;63055
821;;;+7 (142) 723-49-34;gusevignati@gmail.com;;20/10/1998;06/09/2019;F;86052
822;;;79420336713;apollon1981@rambler.ru;;26/09/1999;15/10/2016;M;65603
823;;;86539853521;dobromislmamontov@hotmail.com;;04/02/1962;08/08/2017;F;84392
824;;;+7 806 051 44 87;nesterovaviktorija@yandex.ru;;17/10/1970;29/05/2013;M;87708
825;;;+7 119 417 06 08;ladimirmedvedev@rambler.ru;;13/02/1972;05/07/2012;M;70458
826;;;84492234104;seliverst_49@hotmail.com;;11/02/1972;20/10/2017;F;95077
827;;;+7 501 771 87 24;konstantin78@rambler.ru;;23/01/1981;27/10/2014;M;71838
828;;;8 (101) 831-55-34;provvinogradov@rambler.ru;;15/02/1961;01/08/2017;M;97167
829;;;85031747451;averjan_2003@rambler.ru;;06/02/2002;16/09/2016;F;83328
830;;;73088625002;kapiton_1979@gmail.com;;13/12/1961;03/12/2019;M;91669
831;;;8 (277) 776-7753;solomonarhipov@hotmail.com;;23/10/1991;09/07/2014;M;107514
832;;;87335919818;artem_1973@yahoo.com;;13/09/1971;25/09/2013;F;82238
833;;;72232180161;fedor_1989@hotmail.com;;18/09/1988;25/06/2018;F;67676
834;;;+7 217 208 4035;wgureva@rambler.ru;;09/09/1962;31/03/2015;F;63277
835;;;82064734700;turovvlas@rambler.ru;;24/01/1964;25/06/2017;F;79587
836;;;80126986627;morozovatatjana@mail.ru;;20/07/2001;28/10/2018;F;71538
837;;;8 460 897 7675;dbobileva@gmail.com;;27/03/2002;14/09/2015;M;76973
838;;;8 (407) 967-4284;tit_56@yandex.ru;;12/06/1976;18/02/2018;F;64289
839;;;80026267788;kulakovaalla@yahoo.com;;15/11/1977;24/07/2018;F;76560
840;;;8 302 228 25 37;komissarovatamara@hotmail.com;;27/06/1976;03/11/2015;M;63706
841;;;+7 186 435 01 20;wnikitina@yahoo.com;;24/02/1993;06/06/2014;F;86686
842;;;77182038670;lazarevaviktorija@rambler.ru;;24/06/1970;05/05/2013;M;86436
843;;;+7 (123) 002-5693;panfil_2011@hotmail.com;;12/02/1990;18/11/2012;M;69847
844;;;8 (667) 140-2338;gorde_1986@gmail.com;;31/01/1986;26/04/2017;F;83833
845;;;8 (071) 026-8830;tverdislav52@yahoo.com;;16/01/1962;03/03/2015;F;81797
846;;;+7 078 697 79 18;afanasevljubosmisl@rambler.ru;;08/03/1996;15/05/2012;F;71806
847;;;+7 372 612 78 71;komarovaagafja@hotmail.com;;14/11/1993;23/01/2018;M;77042
848;;;8 (336) 584-0937;savinanaina@yandex.ru;;07/08/1977;12/11/2017;M;83575
849;;;+7 286 225 6240;prohorrjabov@mail.ru;;04/03/1994;22/10/2013;F;71607
850;;;8 (663) 663-2982;rostislav03@yandex.ru;;31/08/1988;29/07/2017;F;76979
851;;;+7 093 442 6212;gleb2021@gmail.com;;25/01/1990;23/07/2016;M;98416
852;;;74420978185;nikandrnekrasov@gmail.com;;30/12/1985;14/02/2012;M;81827
853;;;8 (884) 674-05-97;elizaveta61@yandex.ru;;24/01/1978;26/09/2018;F;85786
854;;;8 915 926 9251;david_1991@yahoo.com;;16/12/1967;13/06/2019;M;84948
855;;;8 (713) 598-66-60;ljudmila1984@yandex.ru;;09/01/1994;03/04/2018;M;65544
856;;;+7 (608) 007-33-37;grishinvelimir@rambler.ru;;17/07/1961;29/06/2019;M;90980
857;;;83807170255;kornil1991@rambler.ru;;01/01/1992;13/12/2016;M;83635
858;;;+7 048 324 30 44;innokenti_47@gmail.com;;20/01/1987;11/08/2015;F;73997
859;;;8 241 079 0836;kalininafaina@mail.ru;;19/05/1994;04/08/2013;M;73388
860;;;+7 512 907 3114;koshelevvseslav@hotmail.com;;23/09/1994;24/11/2012;F;98509
861;;;8 (986) 830-87-04;guri2010@yahoo.com;;20/05/1982;16/11/2015;M;99804
862;;;75410018627;pahomovaraisa@gmail.com;;13/01/1980;28/06/2012;M;89050
863;;;+7 205 386 91 65;feoktist_2006@hotmail.com;;17/10/1969;05/06/2018;F;62425
864;;;8 (066) 928-2245;konstantin_2014@yandex.ru;;28/12/1979;22/03/2018;F;79439
865;;;+7 (907) 713-1702;zlobanov@yandex.ru;;12/12/1987;15/09/2017;F;102054
866;;;79941259346;kim_18@hotmail.com;;27/11/1983;12/09/2015;M;74009
867;;;87367905767;paramon1979@hotmail.com;;02/01/1967;18/01/2019;F;81372
868;;;8 (263) 649-0338;efrempetuhov@hotmail.com;;30/11/1975;30/06/2015;M;70727
869;;;+7 (579) 669-38-41;sergeevpankrat@yandex.ru;;21/01/1995;01/07/2019;F;98282
870;;;8 939 968 6861;polikarp_1981@mail.ru;;01/06/1990;11/07/2017;M;76178
871;;;8 (597) 566-47-86;judinataisija@mail.ru;;24/03/1983;01/06/2018;F;75677
872;;;8 (496) 757-54-94;arhip39@yandex.ru;;15/10/1989;17/11/2018;F;76986
873;;;+7 672 586 3759;matve01@yahoo.com;;22/12/1962;19/04/2018;M;79489
874;;;8 (654) 424-3119;ffilippov@mail.ru;;11/01/1989;02/05/2018;M;64000
875;;;75734432458;jakushevaalina@yandex.ru;;21/06/1982;16/02/2015;M;86297
876;;;+7 152 252 62 38;beljakovdobromisl@hotmail.com;;11/03/1986;05/02/2016;M;75221
877;;;8 (856) 298-2707;mokeandreev@gmail.com;;30/12/1973;25/06/2019;M;89517
878;;;8 (099) 977-8064;vasili_30@yahoo.com;;20/09/1979;09/04/2019;M;74249
879;;;+7 695 424 46 79;savelevignati@yandex.ru;;20/11/1961;17/08/2013;F;78028
880;;;8 263 166 14 50;stepanovignati@rambler.ru;;27/03/1997;03/09/2019;M;101419
881;;;8 (297) 974-54-73;litkinvsemil@gmail.com;;17/08/1970;14/08/2013;F;96565
882;;;8 130 432 52 80;epifan_35@hotmail.com;;26/05/1974;27/02/2013;M;89472
883;;;8 (659) 065-35-52;qhohlova@gmail.com;;10/11/2000;29/04/2014;F;85936
884;;;+7 (197) 315-5564;mir35@hotmail.com;;29/10/1972;16/09/2013;M;61230
885;;;83148463319;pelageja_90@yandex.ru;;22/10/1969;02/06/2016;F;98950
886;;;8 394 542 8506;shestakovataisija@gmail.com;;02/07/1974;02/10/2016;M;77238
887;;;8 (688) 999-98-15;vissarion1978@yahoo.com;;10/02/1966;17/12/2016;F;77035
888;;;8 107 285 9424;stepan_72@rambler.ru;;24/09/1967;11/08/2016;M;66834
889;;;8 389 204 36 47;militsa1989@yahoo.com;;16/10/1968;20/10/2019;M;71618
890;;;81100541987;grigorevjakov@mail.ru;;05/10/1990;15/08/2017;F;67133
891;;;8 (347) 507-1954;proklisaev@rambler.ru;;19/05/2000;26/12/2014;F;107012
892;;;8 (128) 504-87-04;luka12@rambler.ru;;17/02/1996;23/05/2014;F;77880
893;;;+7 092 356 16 60;beljakovhariton@gmail.com;;21/02/1989;03/07/2013;F;82104
894;;;8 034 403 47 19;onufri_83@hotmail.com;;16/08/1969;29/06/2012;M;83885
895;;;8 177 125 27 72;aristarh_1986@hotmail.com;;06/01/1983;05/06/2017;F;85042
896;;;8 (380) 826-4572;zahar_1999@gmail.com;;12/10/1992;22/12/2017;M;103184
897;;;8 650 983 29 59;sokrat_34@hotmail.com;;26/11/1976;12/09/2015;M;92714
898;;;+7 (648) 776-58-04;kornilovnikanor@hotmail.com;;02/04/1986;26/06/2018;M;99633
899;;;8 090 489 04 01;boris_1992@yahoo.com;;15/10/1961;23/06/2019;F;67423
900;;;+7 (398) 558-12-01;olimpi_1987@yahoo.com;;10/05/1966;10/01/2014;M;80944
901;;;79679004418;kliment2006@yandex.ru;;18/03/1970;06/11/2012;M;71644
902;;;8 (578) 479-78-24;dmitrievalarisa@hotmail.com;;26/05/1995;10/04/2012;M;80391
903;;;76906646470;evstafizhdanov@rambler.ru;;29/05/2002;10/04/2016;F;78188
904;;;76663037829;nesterovazinaida@rambler.ru;;30/08/1965;31/01/2013;M;71577
905;;;8 (466) 901-5264;tihonovpankrati@yandex.ru;;01/07/1999;28/09/2013;F;72670
906;;;+7 715 847 8021;omironov@rambler.ru;;08/07/2002;03/10/2019;F;100208
907;;;8 817 141 6774;pankrat_2006@mail.ru;;23/11/1962;23/01/2017;F;79696
908;;;+7 192 725 59 32;shcherbakovborislav@hotmail.com;;12/12/1991;20/07/2012;M;77346
909;;;+7 373 614 1752;irina43@rambler.ru;;10/07/1978;06/04/2013;M;108630
910;;;89307643474;koshelevapollinari@gmail.com;;15/05/2002;06/12/2018;F;103428
911;;;+7 (247) 063-81-48;demidjakovlev@yandex.ru;;21/02/1977;02/01/2016;F;76485
912;;;8 930 984 78 12;izot_80@yandex.ru;;07/01/1983;22/11/2015;M;75903
913;;;8 195 040 8292;iraida1980@hotmail.com;;25/11/1965;26/07/2014;F;91514
914;;;77004129880;borislav_30@yahoo.com;;02/11/1962;20/03/2019;M;80179
915;;;8 (912) 460-36-15;slukin@hotmail.com;;14/08/1992;08/04/2013;F;84687
916;;;8 (581) 548-63-43;ovorobeva@hotmail.com;;22/06/1971;20/09/2016;F;81837
917;;;+7 (141) 596-09-54;gshchukin@hotmail.com;;26/11/1974;18/01/2018;F;79233
918;;;+7 728 314 30 77;safonovzahar@mail.ru;;25/04/1962;24/11/2014;F;88808
919;;;+7 334 147 79 12;kozloviosif@yandex.ru;;17/02/1984;18/04/2015;F;98996
920;;;+7 (661) 419-95-07;pankrati_2013@yahoo.com;;19/03/1982;18/11/2013;M;67860
921;;;8 205 333 4756;kotovmatve@hotmail.com;;29/01/1972;18/01/2012;M;99662
922;;;82874623358;agata_1988@yandex.ru;;29/12/1989;12/10/2012;F;68431
923;;;+7 237 659 24 47;wkolesnikov@hotmail.com;;16/05/1975;27/03/2016;M;99541
924;;;8 690 691 9516;nikolaevegor@mail.ru;;16/09/1990;17/01/2018;M;64472
925;;;8 (512) 765-2926;mihailefimov@rambler.ru;;15/10/1974;10/08/2014;M;91965
926;;;8 (751) 118-9619;ferapontbikov@hotmail.com;;17/03/1991;18/11/2014;M;77265
927;;;8 628 932 38 43;ljubomirprohorov@gmail.com;;13/12/1987;10/03/2012;F;81864
928;;;+7 449 035 2854;guri_59@rambler.ru;;25/02/2000;14/12/2014;M;70501
929;;;75154261369;kuznetsovaelena@hotmail.com;;27/11/1966;18/06/2015;F;81727
930;;;+7 599 154 95 07;oktjabrina1984@mail.ru;;06/06/1966;07/12/2018;M;76457
931;;;73972836226;gorshkovanaina@hotmail.com;;18/02/1986;29/05/2018;M;99458
932;;;+7 (638) 701-4830;agafon2004@mail.ru;;21/07/1985;10/07/2012;M;75929
933;;;8 (735) 201-7490;grjabov@yandex.ru;;17/08/1991;04/11/2015;F;98573
934;;;8 (690) 436-72-91;florentin_1995@rambler.ru;;03/06/1992;20/10/2018;F;87007
935;;;80384326952;lazarevsidor@gmail.com;;11/02/1996;04/07/2015;F;83299
936;;;81172567558;ponomarevnikifor@rambler.ru;;14/12/1965;27/08/2016;M;77719
937;;;+7 214 342 13 04;suhanovklavdi@yahoo.com;;16/08/1966;24/06/2013;M;94960
938;;;70740406449;markovaksenija@gmail.com;;21/02/1971;03/05/2019;M;84821
939;;;8 050 825 8390;stepan_2005@gmail.com;;30/06/1994;30/07/2015;M;89936
940;;;73424657460;nikon2013@mail.ru;;22/08/1967;26/09/2017;M;68771
941;;;+7 (530) 634-3017;uvarovapolina@rambler.ru;;21/01/1987;10/01/2013;M;83253
942;;;77111884328;iosif2014@rambler.ru;;19/01/2000;23/11/2017;M;91545
943;;;8 (860) 260-0302;sofonkononov@hotmail.com;;01/02/1992;01/06/2019;F;100936
944;;;+7 (543) 696-64-29;merkushevtit@yandex.ru;;12/09/1988;03/10/2019;F;98442
945;;;+7 930 741 44 10;agafon_1994@hotmail.com;;20/11/1976;18/08/2015;F;98661
946;;;73982493160;pavlovkirill@yandex.ru;;24/08/1971;07/07/2018;F;81017
947;;;8 (498) 877-88-07;anikita_89@gmail.com;;18/12/1995;24/04/2015;M;96436
948;;;+7 116 681 1315;nikodimkudrjashov@rambler.ru;;10/03/1991;19/12/2016;F;89987
949;;;+7 788 956 05 48;moise_1993@hotmail.com;;06/07/2001;09/10/2015;M;73354
950;;;87006393710;tatjana_46@mail.ru;;02/11/1986;17/01/2018;F;87400
951;;;8 (154) 604-77-19;kotovapollon@yandex.ru;;03/12/1994;08/06/2019;M;69337
952;;;8 652 331 1659;prohor_1980@rambler.ru;;15/07/1994;05/05/2019;F;87673
953;;;8 190 601 8078;galaktion2016@hotmail.com;;22/12/1990;13/12/2013;M;77126
954;;;8 005 735 6271;anna_2018@rambler.ru;;30/11/1985;26/12/2015;F;120654
955;;;82043152182;luchezarstepanov@rambler.ru;;24/10/1978;08/10/2015;F;62852
956;;;+7 (042) 449-4929;vitalistrelkov@yahoo.com;;24/05/1965;09/11/2017;F;89761
957;;;+7 (226) 720-78-03;veniamin2007@mail.ru;;23/10/1987;01/05/2012;M;67100
958;;;+7 660 646 27 42;kuzminapelageja@mail.ru;;01/10/1974;29/08/2018;M;71273
959;;;80499205065;mirbeljakov@gmail.com;;24/07/1996;31/03/2018;F;88411
960;;;71216373120;kalashnikovaanzhela@hotmail.com;;10/05/1985;25/07/2017;M;64389
961;;;8 (168) 079-34-51;nikon_30@yahoo.com;;09/03/1982;01/12/2017;M;79251
962;;;8 430 038 2445;korolevdorofe@hotmail.com;;28/11/1965;23/09/2013;F;69264
963;;;8 573 953 75 23;terentevanadezhda@mail.ru;;03/08/1998;23/07/2013;F;71309
964;;;+7 480 772 2787;polikarp_2006@mail.ru;;24/07/2000;16/02/2016;F;87930
965;;;8 (601) 738-3033;radislav_18@hotmail.com;;16/11/1971;13/10/2018;M;91720
966;;;+7 293 537 5320;leonti_1982@rambler.ru;;08/10/1992;09/02/2017;F;89569
967;;;8 (342) 504-5338;mvasilev@mail.ru;;18/03/1983;25/10/2016;M;68022
968;;;81643700547;foti_1976@gmail.com;;11/08/1977;30/12/2016;F;79354
969;;;+7 252 218 83 92;merkushevfoka@yahoo.com;;03/05/1964;17/01/2016;F;66199
970;;;8 (591) 869-79-65;pantelemontimofeev@yahoo.com;;04/06/1987;24/10/2017;F;80022
971;;;76009935268;aristarh03@mail.ru;;04/05/1986;14/12/2017;M;76387
972;;;8 205 103 26 86;maksimstrelkov@hotmail.com;;26/02/1972;17/11/2019;F;89141
973;;;8 (384) 270-1012;avksenti1974@yahoo.com;;04/11/1985;21/02/2015;M;98254
974;;;8 (134) 057-9641;gusevafinogen@yandex.ru;;18/04/1991;20/05/2016;M;77287
975;;;+7 (526) 261-4523;maslovdanila@rambler.ru;;17/01/1962;02/11/2015;F;88175
976;;;+7 (267) 603-05-90;rostislav55@yahoo.com;;15/10/2002;10/02/2017;M;62501
977;;;8 (782) 136-6086;fortunat_1997@rambler.ru;;31/07/1998;14/12/2013;M;80578
978;;;85975693809;vishnjakovanatalja@mail.ru;;24/03/1995;30/07/2019;F;82077
979;;;70541848845;ljudmila_28@rambler.ru;;17/05/1966;23/02/2016;M;85904
980;;;8 (929) 024-90-06;timofeevantip@yandex.ru;;27/12/1972;02/03/2014;F;91572
981;;;+7 (782) 982-15-17;semenovvadim@yahoo.com;;06/04/1978;18/04/2016;M;78400
982;;;8 (903) 715-91-56;blinovignati@hotmail.com;;03/07/1996;05/07/2014;M;69705
983;;;+7 (455) 143-46-62;zinaida21@gmail.com;;29/09/1970;06/08/2018;F;109267
984;;;+7 850 305 8474;zinovevaagata@yahoo.com;;23/10/1993;27/09/2013;M;99613
985;;;78218293964;wsamolov@gmail.com;;29/10/1966;23/11/2016;M;76632
986;;;+7 (531) 113-9477;klobanova@mail.ru;;10/05/1961;30/10/2019;F;83258
987;;;8 (059) 665-0153;suhanovernst@hotmail.com;;20/11/1970;13/01/2016;F;83222
988;;;+7 979 362 38 73;velimirsimonov@rambler.ru;;11/09/1996;14/11/2017;M;75638
989;;;+7 435 444 38 80;frol03@hotmail.com;;26/09/2001;12/04/2016;F;90329
990;;;70325859190;ljubosmisl05@yandex.ru;;16/01/1991;24/07/2013;M;89227
991;;;+7 726 069 05 89;gostomisl_90@hotmail.com;;21/11/1987;20/07/2015;M;92695
992;;;78806815402;bronislav_1971@mail.ru;;25/03/1988;28/06/2017;F;80714
993;;;8 047 182 7659;vadim_1991@rambler.ru;;01/04/1983;22/10/2017;M;85919
994;;;+7 (571) 093-83-18;foka2018@yandex.ru;;09/11/1971;02/08/2014;M;78596
995;;;+7 (743) 459-2989;julija85@rambler.ru;;26/08/1981;19/05/2012;M;63641
996;;;+7 245 526 0386;samuil19@yahoo.com;;30/06/1975;29/10/2018;M;79775
997;;;+7 490 001 76 58;ereme52@rambler.ru;;12/06/1983;12/08/2015;F;92279
998;;;8 (067) 638-9943;sidorovbojan@mail.ru;;31/08/1962;26/07/2017;M;93274
999;;;+7 (005) 594-80-35;kuzmasharov@gmail.com;;07/12/1969;21/11/2019;M;60494
1000;;;8 965 419 22 19;kulaginaraisa@yahoo.com;;16/10/1977;15/08/2019;F;83032
